row	qid	devanagari	roman	code_mixed	english
1	101442#0	मध्य प्रदेश कितने भागों में विभाजित है?	madhya pradesh kitne bhaagon mein vibhajit hai?	madhya pradesh kitne bhaagon mein divided hai?	How many parts is Madhya Pradesh divided into?
2	1093041#0	जनसंख्या के हिसाब से भारत का 7वाँ सबसे बड़ा राज्य कौन सा है?	janasankhya ke hisaab se bharat ka saatva sabse bada rajya kaun sa hai?	janasankhya ke hisaab se bharat ka saatva sabse bada rajya kaun sa hai?	Which is the 7th largest state in India by population?
3	11820#0	टीपू सुल्तान अंग्रेजों के साथ युद्ध में कब मारे गये थे?	tipu sultan angrezon ke saath yudh mein kab maare gaye the?	tipu sultan angrezon ke saath yudh mein kab maare gaye the?	When was Tipu Sultan killed in a war against the British?
4	1262944#0	भारत का सबसे ऊँचा बाँध टिहरी बाँध है और किस नदी पर बना है?	bharat ka sabse ooncha baandh tehri baandh hai aur kis nadi par bana hai?	bharat ka sabse ooncha dam tehri dam hai aur kis nadi par bana hai?	The Tehri Dam is the highest dam in India. On which river is it built?
5	14145#0	वर्तमान में आयरलैंड में कुल कितने जिले है?	vartamaan mein ireland mein kul kitne jile hain?	vartamaan mein ireland mein total kitne district hain?	How many districts are there in Ireland currently?
6	171230#0	जब किसी वस्तु को देखकर या स्पर्श कर ज्ञान प्राप्त किया जाता है तो वह अधिगम कहलाता है?	jab kisi vastu ko dekhkar ya sparsh kar gyaan praapt kiya jaata hai to vah adhigam kehlaata hai?	jab kisi vastu ko dekhkar ya touch karke gyaan praapt kiya jaata hai to vah learning kehlaata hai?	What is the type of learning called when knowledge is gained by seeing or touching an object?
7	174854#0	अभिज्ञान शाकुन्तलम' के लेखक कौन थे?	abhigyan shakuntalam ke lekhak kaun the?	abhigyan shakuntalam ke author kaun the?	Who was the author of Abhijnanashakuntalam?
8	181933#0	राष्ट्रपति यदि इस्तीफा देना चाहे तो किसे सौंपेगा?	rashtrapati yadi isteefa dena chahe to kise saunpega?	rashtrapati agar resign karna chahe to kise submit karega?	If the President wants to resign, to whom will he submit the resignation?
9	182462#0	महमूद गजनी ने किस प्रसिद्ध मंदिर पर धावा बोला था?	mahmud ghazni ne kis prasiddh mandir par dhaava bola tha?	mahmud ghazni ne kis famous mandir par attack kiya tha?	Which famous temple was raided by Mahmud of Ghazni?
10	184437#0	लैड एसिड बैटरी में एक्टिव एलीमेंटस हैं?	lead acid battery mein active elements hain?	lead acid battery mein active elements hain?	What are the active elements in a lead-acid battery?
11	221017#0	मनुष्य के शरीर में कितनी हड्डियां होती है?	manushya ke shareer mein kitni haddiyan hoti hain?	insaan ke body mein kitni bones hoti hain?	How many bones are there in the human body?
12	221108#0	योजना आयोग का अध्यक्ष कौन होता है?	yojana aayog ka adhyaksh kaun hota hai?	yojana aayog ka chairman kaun hota hai?	Who is the Chairman of the Planning Commission?
13	222415#0	हाल ही में उत्तर-प्रदेश के मंडुआडीह रेलवे स्टेशन का नाम बदलकर कर दिया गया है ?	haal hi mein uttar pradesh ke manduadih railway station ka naam badalkar kar diya gaya hai?	haal hi mein uttar pradesh ke manduadih railway station ka naam change karke kya kar diya gaya hai?	What has the Manduadih Railway Station in Uttar Pradesh recently been renamed as?
14	228911#0	निम्नलिखित में से किसे सीमांत गाँधी कहा जाता है?	nimnalikhit mein se kise seemant gandhi kaha jaata hai?	nimnalikhit mein se kise seemant gandhi kaha jaata hai?	Who among the following is known as the Frontier Gandhi?
15	229394#0	ईसा मसीह ने किस देश में जन्म लिया था?	isa masih ne kis desh mein janm liya tha?	isa masih ne kis country mein janm liya tha?	In which country was Jesus Christ born?
16	229777#0	मुगल शासक बाबर ने दिल्ली की सत्ता पर कब अधिकार किया था?	mughal shaasak babur ne dilli ki satta par kab adhikaar kiya tha?	mughal ruler babur ne delhi ki power par kab control kiya tha?	When did the Mughal ruler Babur capture power in Delhi?
17	229888#0	भारत ने पहला परमाणु परीक्षण कब और कहाँ किया था?	bharat ne pehla parmaanu parikshan kab aur kahan kiya tha?	bharat ne pehla nuclear test kab aur kahan kiya tha?	When and where did India conduct its first nuclear test?
18	229949#0	भारतीय कम्युनिस्ट पार्टी की स्थापना किस वर्ष हुई थी?	bharatiya communist party ki sthaapna kis varsh hui thi?	bharatiya communist party ki foundation kis year hui thi?	In which year was the Communist Party of India established?
19	230382#0	भारत में नालंदा विश्वविद्यालय किस राज्य में स्थित था?	bharat mein nalanda vishwavidyalaya kis rajya mein sthit tha?	bharat mein nalanda university kis state mein located thi?	In which state was Nalanda University located?
20	230424#0	म्यांमार (बर्मा) की मुद्रा कौनसी है?	myanmar (burma) ki mudra kaunsi hai?	myanmar (burma) ki currency kaunsi hai?	What is the currency of Myanmar (Burma)?
21	230590#0	भारतीय समय कौन जारी करता है?	bharatiya samay kaun jaari karta hai?		
22	230675#0	भारत के राष्ट्रवादी नेताओं ने साइमन कमीशन का बहिष्कार किया था, क्योंकि?	bharat ke rashtravaadi netaon ne simon commission ka bahishkaar kiya tha, kyon?		
23	231164#0	कौन भारतीय अंतरिक्ष में प्रथम जाने वाला व्यक्ति बना?	kaun bharatiya antariksh mein pratham jaane wala vyakti bana?		
24	231248#0	किस भारतीय ने ‘प्रबुद्ध भारत’ पत्रिका शुरू की?	kis bharatiya ne ‘prabuddha bharat’ patrika shuru ki?		
25	231360#0	ब्रह्मांड में एक मनुष्य ने किस वस्तु को पृथ्वी से दूर से बनाया है?	brahmaand mein ek manushya ne kis vastu ko prithvi se door se banaya hai?		
26	231425#0	सचिन तेंदुलकर ने जनवरी २०११ में टेस्ट क्रिकेट में ५१ वां शतक किस देश के विरुद्ध बनाया?	sachin tendulkar ne january 2011 mein test cricket mein 51 shatak kis desh ke viruddh banaya?		
27	23653#0	किस राज्य में सात नए एकलव्य विद्यालय स्थापित करने का निर्णय लिया है?	kis rajya mein saat naye eklavya vidyalaya sthapit karne ka nirnay liya hai?		
28	35577#0	एशिया और यूरोप को पृथक् करने वाला पर्वत कौन है?	asia aur europe ko prithak karne wala parvat kaun hai?		
29	38524#0	ऐ मेरे वतन के लोगो किस फिल्म का गाना है?	ae mere watan ke logon kis film ka gaana hai?		
30	41553#0	तुर्की में किस भाषा का उपयोग होता है?	turkey mein kis bhaasha ka upyog hota hai?		
31	432353#0	फ़्रांस की क्रांति की शुरआत किस वर्ष हुई?	france ki kranti ki shuruaat kis varsh hui?		
32	475002#0	अतिक्रमण विरोधी अभियान किस शहर में शुरू किया गया?	atikraman virodhi abhiyan kis shahar mein shuru kiya gaya?		
33	51793#0	जैन धर्म के लोग प्याज क्यों नही खाते?	jain dharm ke log pyaaz kyon nahi khaate?		
34	51955#0	किस देश ने हाल ही में ७८,००० से अधिक राष्ट्रीय ध्वजों को एक समय पर लहराने का गिनीज़ रिकॉर्ड बनाया है?	kis desh ne haal hi mein 78,000 se adhik rashtriya dhwajon ko ek samay par lehraane ka guinness record banaya hai?		
35	529919#0	संविधान का वह कौन-सा भाग है जो संविधान के निर्माताओं के मस्तिष्क और उद्देश्यों को प्रतिबिम्बित करता है?	samvidhaan ka vah kaun-sa bhaag hai jo samvidhaan ke nirmaataon ke mastishk aur uddeshyon ko pratibimbit karta hai?		
36	547030#0	अगर किसी देश का भुगतान संतुलन विपरीत हो गया हो तो उसे किस संस्था से मदद लेनी पड़ेगी?	agar kisi desh ka bhugtaan santulan vipreet ho gaya ho to use kis sanstha se madad leni padegi?		
37	552986#0	पूरी दुनिया में देशो की संख्या कितनी हैं?	poori duniya mein deshon ki sankhya kitni hain?		
38	57186#0	बोविडी ओविस किसका वैज्ञानिक नाम है?	bovidi ovis kis ka vaigyanik naam hai?		
39	584627#0	किस राज्य के मुख्यमंत्री वाईएस जगन मोहन रेड्डी ने एप्प लांच किया है?	kis rajya ke mukhyamantri ys jagan mohan reddy ne app launch kiya hai?		
40	60526#0	सोडियम को आमतौर पर किस पदार्थ के नीचे रखा जाता है?	sodium ko aam taur par kis padaarth ke neeche rakha jaata hai?		
41	64944#0	किस तरह की सामग्री का इस्तेमाल होता है विमान बनाने के लिए?	kis tarah ki saamagri ka istemaal hota hai vimaan banaane ke liye?		
42	723420#0	लसीका किससे पचा हुआ तथा अवशोषित वसा का वहां करती है?	lasika kis se pacha hua tatha avshoshit vasa ka vahan karti hai?		
43	735588#0	सम्पूर्ण भारत में गेहूँ की ट्रिटिकम एस्टीवम प्रजाति उगाई जाती है तथा अन्य मुख्य प्रजाति है?	sampoorna bharat mein gehun ki triticum aestivum prajaati ugaai jaati hai tatha anya mukhya prajaati hai?		
44	741349#0	कौन सा पेन अंतरिक्ष में भी चलता है?	kaun sa pen antariksh mein bhi chalta hai?		
45	752466#0	बांग्लादेश किस वर्ष में आज़ाद हुआ था?	bangladesh kis varsh mein azaad hua tha?		
46	754010#0	पंचायती राज किस सूची में दर्ज है?	panchayati raj kis soochi mein darj hai?		
47	769779#0	भारत की स्वतंत्रता के समय कांग्रेस अध्यक्ष कौन थे?	bharat ki swatantrata ke samay congress adhyaksh kaun the?		
48	796476#0	पृथ्वी अपनी धुरी पर कितने कोण पर झुकी है?	prithvi apni dhuri par kitne kon par jhuki hai?		
49	809274#0	रिक्टर पैमाने द्वारा क्या मापा जाता है?	richter paimaane dwaara kya maapa jaata hai?		
50	839841#0	अर्जुन ने आँख पर पटी बांध क्र किस जानवर की आंख में निशाना लगाया था?	arjun ne aankh par patti baandh kar kis jaanwar ki aankh mein nishana lagaya tha?		
51	841008#0	वर्डिजो कैस्ट्रेटर' नामक यंत्र का प्रयोग किस कार्य में होता है?	‘verdijo castrator’ naamak yantra ka prayog kis karya mein hota hai?		
52	851340#0	दीपा करमाकर ने 2016 ओलंपिक में किस खेल में भारत का प्रतिनिधित्व किया था?	deepa karmakar ne 2016 olympic mein kis khel mein bharat ka pratinidhitva kiya tha?		
53	887943#0	होमी व्यारावाला भारत के पहले किस के रूप में प्रसिद्ध है?	homi vyarawalla bharat ke pehle kis ke roop mein prasiddh hain?		
54	892921#0	वायुयान की खोज किसने की?	vaayuyan ki khoj kisne ki?		
55	901455#0	कौन फ्रांस के राष्ट्रपति के रूप में अपने नए कार्यकाल की शुरुआत करेंगे?	kaun france ke rashtrapati ke roop mein apne naye kaaryakaal ki shuruaat karenge?		
56	93266#0	किशोरों के शारीरिक विकास के लिए किसका आयोजन करना चाहिए?	kishoron ke shaaririk vikas ke liye kis ka aayojan karna chahiye?		
57	94289#0	किसी कामगार का जीवन-स्तर किस पर निर्भर करता है?	kisi kaamgaar ka jeevan-star kis par nirbhar karta hai?		
58	979199#0	कैंसर के उपचार में प्रयुक्त उत्कृष्ट गैस कौनसी है?	cancer ke upchaar mein prayukt utkrsht gas kaunsi hai?		
59	983815#0	बाइनरी भाषा में कितने अक्षर होते हैं?	binary bhaasha mein kitne akshar hote hain?		
60	98561#0	देश में निर्मित पहली परमाणु पनडुब्बी का नाम क्या है?	desh mein nirmit pehli parmaanu pandubbi ka naam kya hai?		
