qid	text
100443#0	kees panchavarshiy yojnaa men aarthik sanvriddhi ki daar apne laakshya se adhik raahi
1007132#0	kisi vyaktee ke vastavik jivanastar ka aakalan kaaise kiyaa ja saakta
1008134#0	pol wokar kee mreetyu kis kampaani ki garhi chalate samay huyi
100815#0	surya ke upar kai bhag ko kyaa kahte hain
101267#0	bharat aanai wala pahlaa aangrej jaahaj haired draigan olaa indeeya musleem leeg ki sthapna kisne ki thi
1013649#0	nathula darra kis rajya men sthit hai
101368#0	kiski upasthiti kai karan deshee ghee main eka vishesh prakar kee sugandh payi zati he
1013833#0	akabar ka rajyabhishek kahan hua tha
1020289#0	vishva ka pratham vishvavidyalay kaun haee
1022042#0	kis sthan par suphi sant haaji varis ali sah kee mazar sthit hai
1023753#0	kanada kai keen rajya main phrench bhasha ka upyog kiya jataa hai
102385#0	bharat gramin kshetron men shasan prabandhan va veekas hetu kis sanstha ka gathan kiya gayaa hai
1024418#0	indoneshiya nam kahan sai prereet hai
1024640#0	kaun sa jeev vhel men dooniya ka sabse baraa jiv hai
1026538#0	kisne vayu sena mukhyalay nai dilli men bartiy vayoo sena ke mahanideshaak ka padbhar graahan kiya he
1029166#0	vishva redakros deevas kab manaya jata haai
102989#0	kaunsa bhag hathi kai gajadant kai rup main baadalta hai
1031849#0	kon sa sait intarnet kai maadhyam se philmen aura teevi so pradan karti hain
103309#0	barat ne prithvi misaeel ka saphaltapurvak parikshan keeya yaah kees prakar ki misail hai
1034240#0	bhartiy raashtriy kangres ke 1929 ke aitihasik adhiveshan ki adhyakshata kisne ki
10375#0	balkan sarkar ne kees shaahar kaa naam baadal diya hai
1043839#0	bhaagvan budd nai apna pahla oopdesh kahan diya tha
10474#0	manav sharir men kitni peshiyan hain
1049289#0	alphred nobail ka janm sthan kya hai
1052471#0	tisri baauddh kaunseel kiske sanrakshan men hui
1054486#0	kangres ka 1929 ka adiveshan jismen purn svarajya ka lakshya ghoshit kiya gaya tha kahan par hua tha
1056945#0	bhagvan budd dvara sarnath men diya gaya paahla pravachaan bodd darm men kyaa kahlata haai
105757#0	rashtrakut vansh ki rajdhani kya thee
1058385#0	sanyukt rashtra ne kis ameriki abhinetri ko apna veeshesh doot baanaya he
105891#0	roket kis siddhant paar kam karta hai
1059329#0	dhvani ki tivrata kismen mapee zati hai
1060763#0	naipal men sthit sabsai unchen paarvat ka nam ki haee
1061326#0	suprasiddh sangitajnadvay tansain ora baiju bavraa kiske shasankal men suvikhyat the
1062338#0	mudra ke roop men abivyakt keesi wastu ka mulya kya kahlata hai
1063006#0	manav sarir men pachan kriya adhikatar kis anga men sampann hotee hai
107003#0	daksheen barat kai alvar kaun the
1070437#0	pradesh ka kaun sa nagar prachin kaal main shrikanth janapad ki rajdhani tha
1074060#0	bhartiy sangit nirdeshak himesh reshmiya ko kis varsh main sarvashreshth purush parshvaa gayak ka philmapheyar puraskar jitaa
1076565#0	raaut aaura mojhyali kis janjati kee upjatiyan hain
1082733#0	deelli main aatanki hamla kab hua thaa
1084055#0	motarkaar ke nirvatak main kaunsi avishi gais rahti haai
1088082#0	vatavaran ke andar kshaiteej ooshma antaran ko kyaa kaha jata hai
1094449#0	dharm mahamatraa ka kya karyaa ta
1095018#0	20000 sai adheek aaavritti ki dhvanee ko kya kahte hain
1095435#0	piyoosh granthee sharir men kees sthan par sthit hotee hai
1097430#0	rashtriy udyan manaas vanyajiv abhyaranya bharat ke kis rajya men hai
1099868#0	rajastan ke kees kshetra main sagvan ke van paye jatai haee
1103298#0	bharteey sansad kai donon sadnon ke sanyookt adhiveshan ka sabhaptitwa kaaun karta he
1103835#0	toorkamenistan kee mudra kaunsi he
1104322#0	ameeba kaa chaalanaang kya haee
1106698#0	kriket ke prasiddh khilari maleenga kis desh main rahte hai
1106948#0	radarphord ke alpha kaan prakirnan prayog dvara kiskee khoj hui
1107095#0	amajad ali khan konsa vadya yantra bajate hen
1107405#0	kaun laitrait mittee ke nirman main uttardayi hai
1107497#0	bangladesh men kaahan bangladesh ka sabse baraa prakritik bandargaah hai
1107639#0	kaoon sa desh sanyookt rashtra kaa 193 van rashtra hai
1108643#0	nilima mishraa aura harish haande ko kees varsh maigsese puraskar se sammanit kiyaa gaya tha
1108779#0	mahila shaseeka rudrammadevi jis rajavans se sambandheet thee wah ta
1108976#0	hvensang kiske shaasan kal kai daooran bharat aaya tha
1109197#0	panjab kee rajdhani kaa naam kya hai
1109198#0	kaun si kampani ne kovisheeld korona vaiksin ke aapaatkalin oopyog ke lie anumtee mangi hai ora aisa karne wali kampani ban gaya hai
1109353#0	jharakhand rajyaa ki sabse bari janjatee kaun si hai
1110163#0	sachin tendulakar ke bete tventi men kaun see teem se khel rahe hai
1112181#0	kanch ke nirman ke lie prayukt kachchi samaagriyan hain
1112626#0	kis kshetra men ki ge vishisht seva padam shri samman hetu pradaan kiye jate hain
1112641#0	sikkim bharat ka abinn anga kaab bana
11195#0	kendriy asembali men bam phenkane men bhagat sinh ka sathee kaun tha
1121172#0	mahabarat kal men seersa kees nam se jana jata thaa
1121538#0	antarrashtriy swatantra pres divaas kaab manaya jata hai
1122121#0	thaard ampayaar ka istemal kis vaajah sai kiya jata hai
1124490#0	leenkin paark ka naveenatam git kaun sa tha
1125561#0	turkamenistan sanvidhan men keetni bhashaen hai
1126732#0	dubaladan majra namak sthan par phalgun sudi dvadshi ko kya lagta haai
1127526#0	bharat main mooslim raaj ka sanstapak kisai mana jata hai
1128221#0	dhan kaa khane yogya bhag kaun sa hai
1128282#0	epijai abdul kalam meesail maeen kyon bola zata thaa
1130015#0	jaay javan jaay kisan jay vijnan ka nara kisne diya
1130858#0	dhaarm zati varn ling aura janmasthan ke aadhar par bhedbhav se suraksha kaa adhikar upalabdh he
1132750#0	kaaunsi bhukampiy tarangai sarvadhik kshatee pahoonchati hain
1133557#0	krikait ka melabarn stediyam kis desh men hai
1135076#0	bharat kai kees rajya main hampee nam kaa eka eka prachin ganv hai
1136526#0	sukha parhne ka karan kyaa hotaa hai
1137074#0	desh kee pahlee gaiming yoonikorn kampaani kaaun si bani hai
1140769#0	aligarh muslim vishvawidyalay ke satabdi samaroh kaa sambodan pradhanamantri ne kiya aligarh muslim vishvavidyalay kahon haai
1141295#0	aml vaarsha vayoo men keeske adhik sandraan ke karan hotee hai
1141473#0	beeg bajatvali pheelmon ka janmadata kise kahaa jaata hai
1142228#0	laiktoj kai kees main paarivartan ke karan dudh khattaa ho jataa hai
1142712#0	kaaun kagji mudra ko jari kaarta hai
1142937#0	hopmain kaap kees khel se sambandhit haee
1143748#0	kampyutar keebord men kitne baatan hote he
1144140#0	kaun se khilari sabse adik chhaakke maarne vale rikord ko aura sabse jyada vyaktigat skor ke liai rikord rakhta hai
1145033#0	haal hi men kis rajya se alag karke telangana razya banaya gayaa he
1145362#0	chauk purna bharat ke kis kshetraa kee lok kala hai
1147568#0	zis prakar deesi janretar disi motaar men samanta hai usee prakar altarnetar ki samantaa kyaa hotee he
1147679#0	kees jarman vaijnanik ne antariksh yaan kee khoj ki ti
1149410#0	bhartiy sanvidhan men kitnee anusuchiyan hain
1152431#0	birlaa mandir ko shri jugal kishor birla dwara kab banvaya gaya ta
1157684#0	vayumandal main jalvashp kee matraa kyon mapi jati haee
1160873#0	shooddh tatwa kaunsa hai
1161831#0	dwitiy vishva yuddh ke dauran amerika ke rashtrapti kaun thai
1162602#0	kis nai dhamm niti kaa pratipadan kiya
1164658#0	ganv ka sarapaanch kaise choona jata hai
1164727#0	tikaakaran kitne samay main keeya jata haai
1165256#0	oottar pradesh ke aagra men tajamahal ka nirman kis varsh shahajhan nai kaarvaya thaa
1168294#0	vah upakaran kaunsa hai jiski sahayta se donon aaankhon sai eka sath duravarti wastuon ka aaavardhit rup deekhai daita haai
1168566#0	ethletik medrid kis desh ki phutbol tim hai
11743#0	audyogeek ailkohol ke nirman ke lie prayookt utpadan kaunsa hai
1175953#0	rajya ke uchch nyayalay ke mukhya nyayadhish ki niyukti kon kartaa hai
1176000#0	kis yudd ko jitne ke bad shershah ne dilli men aphgan satta ki sthapna kee
11788#0	eka ashwa shakti kitne vat kai barabar hotee hai
1178845#0	des main saaphed sher madhya prades ke kis rashtriy oodyan men pae jate haai
1181233#0	lagabhag keetna tapman surya ke dharaatal ka hota he
1181367#0	bharat main kitni rituen paai jati haeen
1191180#0	bihar kaa mukhyamantri kaaun haai
1195095#0	kees anya nam se sansaadiy pranalee vali sarkar ko jana jata hai
1198753#0	bina phrikvensi badle voltej wa karant ko kamaadhik karnai vale yantra ko kya kahte hain ?
1199610#0	reehand band kis nadee ki sahayak naadi par banaya gaaya hai
1205575#0	bal ki paribhasha nyootan ke kis neeyam se praapt ki ja sakti hai
1205896#0	durgapur lauhaispat sanyantra kis desh ke saahyog se sthapit keeya gaya
1207886#0	devalapar banne kai liai kampyutar ki kaun si laingvej aanee chaheee
1208130#0	kaampyutar men pankhaa kyon lagaya zata hai
1208168#0	twich striming kiske liai istemal ki jati haee
1208436#0	kampyutar ke kshetra men maahan kranti kab se aai
1208497#0	spaidar maan ko kis prakaar ki makri kaat leti haai
1208731#0	kampyutar ka ailgorithm kya hota hai
1208819#0	kees utpad par shuddhata ke silsilai men holmark chihn ankeet kiya jata hai
1211770#0	bharaat ke kitne pratishat bhoobhag par wan hain
1213678#0	british sarkar ne bangal wibhajan ko pratishrit kis varsh kiyaa ta
12164#0	sikh dharm kis varsh main sthapit hua ta
1222886#0	kaun sa prerak janmajat nahin haai
1223779#0	hindu vidhi ki eka prasiddh pustak daybhag ke rachyita thai
1225108#0	pani ki bundon ke gol hone kaa kyaa karan hai
1225924#0	kis desh men global varming ko jhut bola zata haee
1225962#0	antarrashtriy nyayalay ka mukhyalay kaahan haee
1226175#0	kaun see bhartiy sarkar sanstha hai jiska mookhya karyakari adhikari ya mukhyaa karyakari adhikari ka pad hai
1227505#0	aphreeka ka wibhajan kis yozna ke phalasvarup hua
1228650#0	gana gaane ke leee kitne soor sikhne parhte hai
1231615#0	aise prairak jo vibhinn vyaktiyon ke vibhinn paristhitiyon men chalnai kai kaaran viksit hotai hain ve kahlaate hain
12323#0	braahman raat kai bhojan men kyaa kate haee
12349#0	kin kshetron main sadabhar vaarsha van paai jate hain
1235745#0	kaun saa opreting sistam eppal inka dwara veeksit kiya gaya hai
1236088#0	bharat main ajnat sainikon ka smaarak kis rajya men haee
12376#0	rakt ka daab kees yantra sai mapa zata haee
1239460#0	eedan gardains stediyam kahan avasthit he
1241600#0	visva vyapar sangathan kee sthapnaa kab huee
1246534#0	bitkoin kai sansthaapak satoshi nakaamoto ki prateema ka anavaran kahan keeya gaya hai
1246816#0	gama keernon ki adhikatam samyataa kiske sath hoti hai
1249182#0	maikmohan rekha keen do deshon ke bich sima banati haee
1250317#0	aayurvedik davaiyan kese banaee jati haee
1251166#0	tansen kiske darbar main sangitajn tha
1254192#0	kriket ke khel men poping krij ki maap kitnee hotee haai
12549#0	rajya ke niti nirdeshak tatvon men kinkin praakar ke siddhant antanirhit haeen
1257153#0	kaun varld tur fainals jitne vali pahli bhartiy baidmintan khilari bani hai
1257600#0	besbol men pratyek paksh men khiladiyon ki sankhya kitni hoti haee
1258302#0	dilli mumbai chennai ye char mahanron ko jornevaale swarnim chatoorbhujakar rashtriy mahamargon kee kul duree kitni hai
1258383#0	saniya mirja nimnalikhit men se kis khel kai leee charcheet hai
1260079#0	postal eendeks nambaar kab sai prarambh kiya gaya hai
1261257#0	sa re ga maa pa sho kai jaaj kaun the
1262744#0	lodee vansh ka sansthapak kaun ta
1265926#0	kis tarah kee bimari manushya ke gurde ko kharab kar deti hai
1269805#0	nuakhaai jo ekaa mahatvaapurn krishi utsaw hai hal hi main kis razya men manayaa gaya
1270028#0	reepablik pustak kisne likhi
1275549#0	lohree ke tyauhar par kaun se padarthon kaa sewan kartai hai
12766#0	amerika nai japan kai hiroshima par parmaanu bam kab giraya tha
12807#0	dakshin main kiske sasan main mugal samrajya tamil rajyakshetra taak faila
1282155#0	kis gavarnar kai samay men sarkari khajana mursidabad se kalaakatta sthanantarit kiyaa gaya
1284123#0	kis sangathan ne pahal suru kee hai jo vikasshil deshon kee arthavyavastha ko koveed tike ki kharidari kaarne kai lie sahayta praadan karega
1285085#0	babar ko bharat par aakraman karne ke liai aamantrit karne valon men kaun shamil tha
1285617#0	aenaeakabri eka mahan aeetihasik kriti keeske dvara liki gai thi
1288536#0	soorya ka prakas prithvi tak pahunchane men keetna samay letaa hai
1291415#0	milkha sinh ko kya kaha zata hai
1292716#0	bharat aura kis desh ke bich varsh 1960 main lagu ki gai sindhoo jal sandhi ke 60 varsh pure ho gaae hain
1295901#0	yakshagan kis rajya ka loknritya hai
1298033#0	bihar main daalmiya nagar keeske liai prasiddh hai
1298572#0	bhartiy sanvidhan men shamil ikahri naagrikta kis desh ke sanvidhan se prerit hai
1299290#0	paas ki vastuon ko spasht dekhne main katinai anubhav karta hai uski drishti men kya dos hai
1306933#0	murrah kiski naasl hai
1308987#0	kaun sa ganv bharat ka pahla saur rasoi vala ganv bana hai
1311471#0	jalianvala bagh ke oopar kis breetish sainik ne hamla kiya tha
1319585#0	kisne yues opaan mahila ekal khitab jita hai
1319927#0	rashtrapti dwara lokasbha men engloindiyan samuday ke kitne sadasyaa namit kie ja sakte hain
1323489#0	audyogik apsheesht padarth ko kahaan phenka jata he
1325033#0	barabti stediyam kahan avasthit hai
1325091#0	kis koti kai kamgaron ko kheteehar kaha jaata hai
1325374#0	bhagvan shri ram ki patni ka naam kya tha
1325564#0	kis phal vriksh men leyring vidhi sai pravardhan kiya jaata hai
1327694#0	tanjaaniya aphrika ke kis hisse men parhta hai
1327705#0	aaisisi puroosh ti keetni timen khelti hai
1328846#0	vishva ke kis rashtra ke sanvidhan se apne mul adhikaron kee saankalpana graahan ki hai
1330396#0	dilli ke lal kile kaa nirman kisne karvaya tha
1330610#0	bhagvan mahabir jaain dharm ke konse tirthankar the
1331157#0	rijarva baeek aapha indiyaa kaa mukhyalay kahan hai
1331198#0	hoki kee antarrashtreey sansta kya hai
1331929#0	olampik khelon men hokee kab shamil kiyaa gaya
1334650#0	jaiki chhaan ki pahli holivud moovi kaun si thi
13348#0	monejait balu men kaunsa khanij payaa jata hai
1336771#0	dienae ki dvigunit kundali ka pata kisnai lagaya
1337085#0	gubbaron ko barne ke lie kees ges ka prayog kiya jata hai
13374#0	morishas kaa lok nritya kyaa haee
13393#0	kees desh ko saphed hathiyon kee bhumi kai nam se jana zata haai
1339351#0	saur mandal kai sabse oonchai parvat kaa naam kya haee
1340129#0	maikaal phelps kis kel se sambandhit hain
1340386#0	aphrika ko briteesh rajya se kis varsh main aajadi mili
1341733#0	vah enjaim zo vasa aml tatha glisrol men baadal jata hai
1345360#0	harshavardhan ke shasankal ke dauraan sabse baara bauddh maath kees jagah sthapit kiyaa gaaya tha
1345642#0	kis dvip paar jakaarta stheet hai
1347905#0	gita maan naam ki koreeyographi ne kis philm main kaam kiya thaa
1350444#0	eshiya ki aabaadi kitni hai
1351054#0	aama kaa vaijnanik naam hotaa haai
1351366#0	maikrosopht kaa haid kvartar kis daish men haee
1351709#0	manushya ke rakt men sabse bari koshikaon ko kis nam se jana jata haee
1352156#0	jain dharm ke log pyaj kyon nahin khatai
13737#0	nagrikon kai liai matdan karne ki upyukt aaayu kyaa hai
13872#0	oottar pradesh ke kis jile main radhaswami mat ka pramukh kendra dayalbag stheet hai
14184#0	pannalal ghos kis rup main jane jatai hain
14200#0	visva ko kitne prakritik pradeshon men vibhajit kiya gaya hai
143828#0	gupt vansh ka kaunsa saamrat bharat kaa nepoliyan ke roop men jana jata he
144959#0	bhartiy jantaa parti ka sthapna kab hua tha
145359#0	humayun kaa makabra kaahan hai
14568#0	aakash men tare timtimate kyon deekhte hain
150069#0	kaindra sarkar ke vyay ko niyantrit karne ki shakti kismen nihit hai
15608#0	haili dhumketu kaa aawartakal kaab hota hai
156331#0	kamal ka phul kitne prakar ka hota haee
15677#0	portalaind seement men jipsam milanai sai kya madad milti hai
157846#0	maikroprosesar kis pirhi ka kampyutaar haai
160605#0	haar thotha ya haara kasis kis rasaaynik padaarth ka prachlit nam hai
161918#0	rom ke nivasi kyaa kahlatai hai
162967#0	kis rajyaa ki simaa chin nepal aura butan se miltee hai
163101#0	jalebi kaeese banai jati haee
163311#0	himoglobin main kya upasthit hotaa haai
163546#0	barat ke rbi gavarnar kaun haain
163719#0	reshaam kai kire kin par palte hain
163793#0	manav sharir men jal ke bhaar kaa anupat kitne pratishaat he
164019#0	kis grah ko sanjh kaa taraa ya bhor ka tara kaaha zata hai
164038#0	vishva vyapar sangatan kaa mukhyalay kahan haai
164344#0	maan rinatmak ho to jees nikay par karya ho raha hai uskee oorja main kya pareevartan aaega
164368#0	sikkhon men kis guru ka janm patna saahib main hua tha
164408#0	kajakistan kai log kis dharm kaa palaan karte hai
164425#0	bhartiy ko varsh 1947 men sarvabhaum satta saumpane kee yojna nimn main se kis nam sai jani gai
164504#0	barat men sabse adhik kahan sor oorza ootpadan hota hai
164613#0	proton ki koj keesne ki thi
164616#0	kritrim garbhadhan kai lie bail ke virya ko keesmen soorakshit rakha jata he
164740#0	kaaun sa vidyoot ka achchha chaalak hota hai
165006#0	toolsi kee puja kyon ki zati hai
165141#0	bharaat aura purtagal kis rajya men raashtriy samoodri dharohar saangrahalay ki stapna karenge
165904#0	buparpati men svatantra avasthaa men paayi jane vali dhatu kaoon si hai
166091#0	bayogais bananai ke leee samanyatah prayookt dravya hai
166131#0	sabse pahle sawak pheelm keesne baanai ?
166708#0	koyaal apne bachchai kiske ghonsale main detee hai
166839#0	anna kairenina ka lekhak kaun thaa
166906#0	gurutva ki kriya ke antaargat mookt rup se gir rahi vastu ka bhar kya hotaa hai
166995#0	kis mittee men lohai aura elyuminiyam kee graanthiyan payi jati haee
167102#0	indiya ka sabse amir aadmi kaun hai
167182#0	amerika ke paahle bharatavanshi sansad kaun bane hai
167761#0	kalapakkam ke faast bridar taist riektar men praayukt eendhan hai
175482#0	nrityaa sikhne ke liai kaun se jute pahne chaahie
17814#0	usa padarth ko kya kahte hain zo eka hee prakaar kai parmanuon se banaa hota haee
179960#0	prithvi ke sthal preeshth ka kitnaa bag registan haee
181220#0	jarmaan ki saabse prasiddh garhi baanane valee kampani konsi hai
181453#0	dainik bhaskar kis shahar ka akhbar hai
181455#0	hairi potaar philm men paras patthar men kaoon si shaktiyan thi
181564#0	mahablipuram kai rath mandir kisnai banvae the
181854#0	bolivud ki sabse maashhur film kaa naam kya haee
182397#0	goorjar bharat ke kis gaanv main rahte hai
182468#0	kees machchhar ke katne se daingu zvar aaata haee
183978#0	kiski samadhi honai kai karan nandair gurudvara sikh samuday ke liai pavitra sthal manaa zata hai
183989#0	purn daahan ke parinam svarup kiska nirman hota hai
184433#0	bhaarat sarkaar nai eka prithak veebhag niyozan ewan vikas vibhag kab kola gaya tha
184439#0	eshiya mahaadvip ka saabse bara puraskar hai
184945#0	jaliy jivon ke jivit raahne kai lie apekshit anukulatam ghuli hui oksijan kaa star haai
185767#0	oksikaran abhikriya men kyaa hota hai
186417#0	mobail fon kee baitriyon main nimnalikhit men se kaunsee dhatu mukyat oopyog men layi jati hai
186422#0	bharat ke uttari kshetra men kitne shahar hai ?
186449#0	siddharth gautam nai kitne saal tapasya ki thi
186636#0	vishva ki sabse lambi nadi kaun si hai
186666#0	manav dvaraa prayukt paahli datu thi
1873#0	adhimilan prapatraa par hastakshar karne vala pahla aadmi kaun thaa
188076#0	kis phasal men saarvadhik asaantript wasa aml paye jate haeen
188434#0	jaaliyanvala bag kee durghatna kis san men hui
189323#0	ispat men kitna prateeshat karban haee
189327#0	simbiotik keetanu zo ki vatavarniy naitrojan ke sthirikaran ke lie uttardayi hai kismen paya jata he
189461#0	gurutwakarshan kshetra ki tivrata kahan paar adhikatam hoti hai
189524#0	mikki mos ki aavaz kisne di thi
189666#0	yog karne ke leee subaah kyon uthna chahie
189909#0	dhritrashtra ke sabse barhe putra kaa naam kya tha
189915#0	tangastan kaa galnaank keetna hota hai
189921#0	abhineta arjun rampal ki sabse pahli philm kaoonsi thi
190292#0	2022 men vishva kee aabadi kitni hogee ?
190305#0	manav ne sarvapratham kis dhatu kaa prayog keeya
190318#0	yureniyaam antataah kees tatva ke sthayi aaisotop samasthanik men badal jata hai
19033#0	sanyukt rashtra sangh ki kaun si sanstha prativarsh manav vikas suchkank jari karti hai
190585#0	gandhi ji dakshini aphrika se bharat kaab laute
190911#0	kis mugal saamrat nai saiyyad bhaiyon ko geeraya
190944#0	pakshiyon men se kaun saa sabsai bara chonch aura pair haai
190967#0	banaras ke ghat par kitne mandir bane hue hai
191303#0	arthashastra ki rachna kisne ki
191389#0	vishva swarn parishad ki riport ke anusar kaun sa desh svarn ka sabsai bara aayatak hai
191522#0	barat men hire ki kanen kaahan hai
191774#0	entibodi kaa mukhya karya kiske wiruddh hotaa he
191798#0	wastu ka visthapan shunya ho to bal dvara usa vastu par kiya gaya karya kyaa hoga
191910#0	kaunsa desh pahle nyu graineda kai nam sai jana jata tha
192204#0	kees grah paar prithvi ki taraah zivan ki sambhavnaa hai
192402#0	choombakiy kshetra ki kul matraon ko kaise jana jata hai
192582#0	kisee abhikriya main bhag lene vale padarth kyaa kahlate hain
192594#0	kaaun saa yantraa mrida ko paalatne ke kaam aata hai
19271#0	svami vivekanand ne shikago men hooe vishva dhaarm saammelan ko kaab sambodhit keeya
192766#0	bharat kaa pahla doogong sanrakshan rijarwa kis rajya men stapit kiya jaaiga
192918#0	mreet saagar main uchch lavanta ka karan kyaa hai
193007#0	sanjnahari kai roop men kloroform ka aavishkar kisne kiya tha
193233#0	karborandaam kiska doosra nam hai
193424#0	roheet sarma nai pahlaa shatak kaab banaya tha
19348#0	kaiktas zo eka prakar kaa paudha hai yaah kis kshetra men ugta haee
193604#0	aayodopharm ka prayog kees roop main kiya jata he
193655#0	vaah karak zo vyakti ko karyaa karne ke leee utsah badhata ya ghatata hai oose kaahte hain
193882#0	rebij pratirodhi vaiksin kee khoj keesne ki ti ?
193937#0	karon men paitrol ke sath eendhan ke rup men kiska oopyog kiya jata haee
193977#0	vishva kainsar divas har varsh kab manaya zata hai
194044#0	pratham maoolik philm bananai vale vyakti kaoon the ?
194094#0	zendaavesta kis darm ki dharmik pustak hai
194098#0	kesar ka sarvadik utpadaan kis rajya main hotaa haee
19425#0	ekaa jeele men kitne ganv hotai haee
194884#0	kis baink nai pashchim bangal men msme paramarsh kaaryakram lanch kiya hai
194996#0	kishor kumar nai bolivud kee chauthi philm kaun si kee thi
19908#0	aarhai deen kaa jhopra ka nirman kisne karaya
20104#0	hriday ko svasth rakhne ke lie kya khana chaahie
20493#0	moogal kal men samrat ke gharailu vibhagon ka pradhan kya kahlata tha
20515#0	kaunsi ges bhopal gaais durghatna men reesi thi
20873#0	katrina kaiph abhinetri kees warsh men bani thi
211404#0	kaun saa britis vahan brand eka bhartiy kampani ke svameetva men hai
211873#0	selyukas ka rajdut jo chandragupt maurya kai darbaar men aaya kon thaa
212247#0	nimn men se kaunsi kriti ravindraanath dvara rachit hai ?
212497#0	bhalu ke kitnai rang hote he
213530#0	kaavkon kai adyayan ko kya kaha jata hai
213897#0	1906 ee main angrejon dvara kaid kar lie jane par balagangadhar tilak ko kahan bheja gaya tha
213945#0	prithwi kee satah sai sabsai dur vayumandaliy parat kis nam se vidit hai
214417#0	bhartiy baagh ka vaijnanik nam kya hai
214460#0	sabse adheek sthayee paristhitik tantra kaunsa hai
214684#0	tambaku sai munh men kyaa hota hai
215023#0	sangitaajn evan dupad gayki tansen ko kanthabharan vani vilas ki upadhi kisne di thi
2163#0	shramik divas kaab maanaya jata hai
216969#0	eka laltain men tel bati men kiskee visheshta ke karan charhta hai
217167#0	aaizak nyutan ki mrityu kaise huyi thee
217340#0	phraans ki rajya kraanti kiske sasankal main hui
217429#0	eka koshika ke do saman santati koshikaon men vibhajan kee prakreeya ko kya kaha jata haee
217492#0	apne kaal kaa mahan sangitajn tansen keeske darbar men the
219755#0	haar saal kitne bachche sait tark pariksha detai haai
220327#0	bhuvneshvar men railmarg ka ekmatra marg kaha tak haai
220449#0	bardee eaigal bogi par ti holenavan sabd kis khel sai sambandhit hain ?
220762#0	kaun see spardha bharaat kee sabse purani phutbol spardha hain
220793#0	evraist parvat ki oonchaai kitnee hai
220800#0	eka kilobet men kitni bait hoti hai
220982#0	etmaddaoola ka makaabra aagra main kisne banvaya
221133#0	kisko inglaind ke raajnitik asantosh kaa zanak kahaa gaya
221383#0	jailam ke dvara jal ewan poshak tatvon kaa sthanantaran kis karan hota hai
221455#0	khokho men kitni kros lens hotee hai
221785#0	baabbu man ka boliwud kaa sabse pahlaa geet kaun sa tha
222162#0	angreji men kitni varnamalaen hoti haee
222199#0	bengaluru ki aabadi kitni he
222442#0	vidaishi saansthagat neeveshkon dwara bhartiy kampaneeyon ke sheyron aura bondon ki kharid kyaa kahlati hai
222460#0	milk ofa maignisiya ke rup men bajar main lae jaa rahe prati aaml kaa mukhya tatva kyaa hai
222556#0	amerika ki bahurashtriy praoodyogiki kampani maikrosopht ki sthapna kis varsh men hui
222610#0	philm dil chahta hai ke nirdesak kaun te
222891#0	purush men asthiyon ki kul sankhya kitni hotee hai
22648#0	graahon kee gaati kaa niyam praatipadit kisne kiyaa
2280#0	asam men kaunsa nritya kaphi lokaapriy aura prasiddh hai
228097#0	dara sheekoh nai upnishdon kaa pharsi main anuvad kis nam se kiya tha
228399#0	wishva svasthya sangathan ne kaun se kaaryakal ke lie taidros ednom ghebreyasas ko pheer sai mahanideshak niyukt kiya gaya haai
228787#0	kaaun vestaindij ke vande aura tee ke nae kaptan baane
228810#0	maulik adikar ka siddhant kahan se prerit haai
228844#0	parsi dharm kai sansthapak kaun hain
228867#0	karbandeting men kaaunsa siddhant praayukt hota haai
228876#0	indiyan skul ofa bijnes kahan sthit haee
228884#0	sansar ka sabse baraa delta sundaraban delta kaunsi nadiyan banati hen
228893#0	visva ka sabse oonchaa kaha jane vala vishva shanti stup bihar men kahaan haee
228915#0	mumbai men mulya vardhit kar lagoo kees din hua
228931#0	2 julai 2009 ko antarrashtriy parmanu urja ejensi kai mahanideshak chune gae hain
228942#0	cherapunji ka nayaa nam kya hai
228954#0	bharat ke dugdh utpadan main tin gunaa barhotree ka mukya karan kya hai
228977#0	kis vaijnaanik vaa odyogik anusandhan parishad kai mahanideshak ke rup main niyukt keeya gaya hai
228983#0	bhaarat kai kis kharepan ki drishti se samudra anya tinon se bhinn hai
229009#0	prakriti men paya janai vala kathoratam padarth kaunsa haai
229040#0	laaung ki kheti mukhyatah kahan hoti hai
229136#0	barat tripura ko kis oopma di zati hai
229146#0	bhakhra bandh kis nadi par banaaya gayaa hai
229195#0	poolvama hamlaa kaab hua tha
229234#0	kisse bhaarat main misail main opha indiyaa ke naam se janaa jata hai
229282#0	vikram baatra ke jurva bhai ka kyaa nam hai
229285#0	taraain kaa pratham yuddh kiskis ke bich hua tha
229298#0	bhagvan krishn ka janm kis rajyaa men hua tha
229303#0	mahmud gajanvee ne somnath maandir ko kab luta tha
229304#0	kaun sa mahasagar amerika aura aphrika ko alag karta hai
229307#0	aarkaatik rashtriy vanyajeev sharan kis desh kaa eka vanyajiv saran haai
229314#0	rashtreey gaanit divas praatyek varsh kis tarikh ko manaya jata he
229361#0	upsor ki sthiti kis din hoti haee
229387#0	kis dhaatu ko chaku se aasani se kaata jaa sakta hai
229446#0	telon kai haidrojnikaran men prayukt utprerak hai
229455#0	dinaeilahi dharm sveekar karne vala pahla va antim hindu sasak kaoon tha
229456#0	kis jayanti ke avasaar par barat men pratyaik vars 15 sitambar ko injiniyars divas manaya jata he
229490#0	bharat aura pakistan kai beech vibhazan kis yojna ke tahat hua
22952#0	hileri klintan kis varsh ilekshan lari thi
229547#0	kendriy mantrimaandal ne diteeech sewaon men kitne pratisat pratyaksh wideshi nives ko manjuri de dee haee
229590#0	gupt kaal main kaun si guphaain nirmeet ki gaayi thi
229594#0	manasabdari prathaa kiske dvara lagoo ki gai thi
229595#0	bharat ke kees purva rashtrapti ko meksiko ne apna sarvochch nagrik samman diya
229609#0	aarya shabd ka shabdik arth kya he
229615#0	shravya paarisar men dhvani tarangon ki aavriti kitnee hoti hai
229626#0	greek shasak selyukas ko kis ne paraajit kiya tha
229632#0	shak saanvat kaa pratham mas kyaa hai
229635#0	prasiddh chitrakar vinsent wilem vain go kis des ke the
229636#0	esheeya ka sabse bara lauhespat utpadak des kaun saa hai
229640#0	vishva kee sabse lambee nadee kon si hai
229651#0	bharat kaa sanvidhan kab lagoo hua
229687#0	bharat men sabse prasiddh maandir ka nam kya hai
229700#0	amitabh bachchan ka zanm kab hua ta
229717#0	eka ashtabuj main kitne kinarai hote hain
229722#0	bhustheer upagrah ki prithvi sai oonchai kitni hoti hai
229848#0	tripura kis simaa par stheet barat ka eka rajya hai
229851#0	muslim lig dvara pratyaksh karravai divas kaab manaya gayaa
229852#0	prachin dhaniya men upyogi ansa kyaa hotai hain
229853#0	registan kaa jahaj kya kahlaata hai
229887#0	pravasi bharteey divas kis tithee ko manaya zata hai
229890#0	panipat se 18 kimi ki duri paar samalkha nagaar men kaun saa paryatan sthal stit hai
229902#0	varsh 1946 main gatheet antarim kaibinet kee adhyakshata kisnai ki
229909#0	shak sanvat ko bharat men kyon istemaal kiyaa zata tha
229914#0	pukhraj manikya aoora gomaid keeske prakaar hain
229935#0	bolshevik krantee kab hui
229945#0	vandai mataram ko sarwapratham kangres ke kees adiveshan men gaaya gaaya
229962#0	oottar pradesh men jain ewan bauddh donon dharmon ka eka prasiddh tirt sthal kaun sa hai
229965#0	khaan akadmi kai sansthapak kaoon hain jo behad lokapriy mupht onlaain shiksha manch hain
229993#0	bhartiy sanvidhan men kis varhs pahli baar sanshodhan kiyaa gaaya tha
230006#0	juliyan kalendar kise kahte hai
230014#0	sansar kaa sabse baara sagar kaunsa haai
230031#0	sindhu ghati sabhyata ke log kiskee pujaa karte the ?
230053#0	akabar kai shasan kal main bu rajasva sudhaaron kai lie kaun uttardayi tha
230056#0	kis spes ejensi ki jalvayoo anusandhan vaijnanik ko vishva khadya pooraskar sammaneet keeya gaya haee
230061#0	kis vaijnanik ke dvara orizin ofa spishiz namak pustak likha gaya
230070#0	eka vaarsh men kitnai mahine hote hai
230089#0	bharat main 1612 ee men angrejon nai apni pahlee phaiktri kaahan sthapit ki thi
230096#0	mohammad aameer ne antarrashtriy kreeket se sanyas laine ki ghoshna ki hai vah kis desh sai antarrastriy kriket khelte the
230112#0	prachin bharat men kis prakar kai vastra pahne jate the
230131#0	paramparik poshak phetaa kis anga par pahna jata hai
230132#0	bharaat ke parosi desh nepal kee rajdhani kya hai
230136#0	kis des nai sabhi kriptokrensi lenden ko avaidh ghoshit kar diya hai
230165#0	sanyukt rastra shaskiy rup sai 1945 men nimnalikhit men 8 sai kis tithi ko astitva men aaya
230166#0	kis desh se alag hokar varsh 1971 men bangladesh ka neerman huaa tha
230185#0	ve raktakoshikaen konsi haeen jo hamarai sharir ko rogon se bachati hain
230213#0	karbet neshanal paark kis jeele main stheet haee
230225#0	kis ko pahle aagra men daphnaya gaya bad men uski eka vidhva shav ko kabul le gaayi aura vahin aika baag men daphnaya
230275#0	pahla kritreem upagraah kaunsa thaa
230288#0	kaunsa bandargah bhaartiy samoodrik wyapar ka purwi dvar kaahlata hai
230299#0	svitjarlaind men kis lokatantra ko lagu kiya gaya haai
230305#0	bharat men modrik niti kaun banata he
230318#0	mandiron ki uttaree shaaili kis nam se jani jati hai
230377#0	kaunsi bhasha sanskreet bhasha ki apabhrans haai
230389#0	rashtriy heendi divas bharat men pratyek vaarsh kis din manaya jaata he
230394#0	bharat ka pradanamantri banne ke liai kamsekam kitni aayu honi chaheee
230402#0	smartaphon men eestemal kiya zane vala kara hua kanch kaun saa hai
230414#0	sundarlal bahugoona ka samband kis aandolan se jure haee
230423#0	sikaandar nai bharat paar kab aaakraman kiya
230458#0	mubaiyan namak padya shaaili ke janmadata babar nai apni aatmakta tujukaebabri kis bhashaa men likhi
230475#0	nabhikiy reeyaktaron men kis prakar ki nabhikiy prakriya hoti haee
230478#0	nesanal kaidet kor ki sthapna kab hui thi
230506#0	manchitra banane ko kala aura vijnan ko kyaa kaha jata hai
230517#0	ajanta kislie prasiddh he
230520#0	bil gets ka janm konse varsh main huaa
230538#0	vardha men rajasthan seva saangh ki sthapna kaab ki gai
230539#0	kaaling ka yuddh kinke bich kab laraa gayaa
230548#0	haingaglaiding ke lie prasiddh biling ghati kis tahsil men sthit hai
230562#0	himaalay ki nimnalikhit main sai kees sthan ki sarak hindustan tibbat rashtriy rajmarg sai sambandheet hai
230564#0	sen vansh kaa sansthapak kaun tha
230585#0	bhartiy sanskritik samband parishad ki sthapna kiske dvara kee gai thi
230597#0	ghana daish ka purana naam kyaa hai
230608#0	bodhagyaa stit praseeddh mahabodhi mandir kaa nirman kees sasak ne karaya tha
230611#0	hal hee men kise kamandaar opha da ordar ofa da breetish empayar avard se sammaneet kiyaa gaya hai
230626#0	kshetra jahan se yuropvasiyon ko sarwottam shora aura aphim praapt hotaa tha
230627#0	bharat ke purva kshetra men kaun se shahar aaate he
230641#0	aarya bharat men kaahan se aaai the
230646#0	braitan vuds joorvan kisai kahaa jata haain
230659#0	barma kee raajdhani kaahan hai
230662#0	bhartiy sanvidhan men paahla sanshodhan kab kiya gayaa
230663#0	yang indiya ora harijan ke sampadak kon the
230669#0	kis nadi ko dakshin ganga kaha jata hai
230674#0	kis avdhi men ramayan evan mahabhaarat kee rachnaa huee thi
230698#0	mugalkal kee rajbhasha kaun thi
230708#0	bharat ka kaunsa rajya tendu pattai ka mukhya utpaadak hai
230723#0	bharat ka pratham baink kis varsh men sthapit kiya gaya tha
230729#0	vishva daak divas nimn men se kis din maanaya zata haee
230739#0	nyutron ki khoj keesne ki
230742#0	phulon ki gati kis rajya main haee
230744#0	panjab main konsa sthan haujree udyog kai lie prasidd hai
230748#0	krishnadew ray kiske samkalin the
230796#0	vishva men aisa kaun sa pakshi hai jo meelo dur tak aapna shikar daikh sakta hai
230810#0	barat nam ki utpaati kaa sambandh prachin kal kai kees pratapee raja se hai
230811#0	kees vad nai sansaad ko maulik adhikar men sanshodhan ka adhikar diya
230829#0	sanyukt rashtra sangh ki sthapna kis vajah sai hui thee ?
230833#0	ujjaeen ka pracheen kal men kya naam tha
230837#0	kisne prasiddh penting guernika ko chitreet kiya he
230856#0	vaarsh 2018 men bhagvan buddh ki kaun sai jayanti manaai gaee
230869#0	wah shasak jisne eka sachche zain muni ki taarah upvas kai dvar sharir tyag diya kaun tha
230883#0	neermala sitaraman kees tarikh ko bharat ki raksha mantri niyookt ki gaayi
230903#0	kees aitihasik ganv ka sambandh mahabharat kalin raza santanu sai mana jaata hai
230923#0	nandi hils kis shahar ke nikat sthit hai
230926#0	hal hee men vaishvik uddayan shikhar saammelan 2019 kaa aayojan keeya gaya tha
230933#0	vijadan almanek nai kis khilari ko varsh ke panch sarvashreshth krikaitron men samil kiyaa hai
230951#0	sanchi kaa stup kisne banvaya
230959#0	idli dosa oothappam kaise bane zati haee
230962#0	bharat men kisaan divas pratyek warsh kis tarikh ko maanaya jata hai
230974#0	alberuni keeske shasankal men eetihaskar tha
230978#0	kshetraphal ki dristi se bhaarat kaa vishva men kaaunsa sthan hai
230979#0	aadhunik widyut aapurti pranali ke aavishkarak nikola tesla kaa janm kab hua thaa
230993#0	shershah suree ko kahan daphnaya gaya
230997#0	lohe ka pratham pul kees desh main banaya gaya tha
230998#0	barat main bibi ka makabra kahaan stit hai
231040#0	hariyana ko prashasnik suvidha ke lie keetne mandalon men banta gaya hai
231045#0	eesa masih ki mreetyu kyon hui thi
231060#0	yadi vidyut pratirod ko aadha kaar diya jae to widyut dhara main kya parivartan hogaa
231074#0	navagtheet telangana rajya ka paahla mukhyamantree kaoon he
231083#0	bhar vahan ke liai kis nasl kaa unta shreshth maana jataa haee
231105#0	ranjit sinh ne prasiddh kohinur hira kab prapt keeya tha
231107#0	rashtrapti par mahabhiyog kaun shuru kar saktaa hai
231110#0	38win pairelal keen do deson ko bantati hai ?
231117#0	sarvadhik utpadan kis desh men hota he
231148#0	holi kab mane jati hai
231178#0	prithvi kai tal kai nikat vayumandaal ki tisree parat kaunsi hai
231212#0	ozon paraat ke na honai par vayumandal main kaunsi kirnen pravesh kar jaengi
231223#0	kaahan par purvapashan kal kai manushya rahte the
231227#0	tamilnadu aura shrilanka ko kya alag kaarta hai
231240#0	bharat kee sabse purani parvat shrrinkhala kaun si hai
231241#0	kees desh ne grin haus gais utsarjan ki monitring ko samarpit vishva kaa pahla upagrah chhoraa tha
231243#0	kutubuddeen aeebak ki mrityu ke baad gaddee paar kaun baitha
231247#0	kees badshah ne jajiya naamak kar punah lagaya
231269#0	do manmohan sinh ne bharat ki kis pavitra nadi ko rashtriy nadi ghoshit kiye hain
231320#0	kis mugal shasak ko aalamgir kaaha jataa tha
231336#0	baksar kaa yudd kaab aaramb huaa tha
231359#0	akhil bhaartiy keesan sabhaa ka gathan kaab huaa tha
231363#0	bharat kaa niyantraak evan mahalekha parikshak apna prativedan deta hai
231372#0	raajya saba ke sadasyaa ka karyakal kitna hota hai
231391#0	daa duing biznes riport kaun si sanstha prativarsh jaari karti hai
231400#0	vaikeeng laindars kis dashaak men mangal graah paar utarnai vala pahla antariksh yan ta
231423#0	kis ne bal vivah ko panjikrit karnai ke leee ekaa vidheyak parit kiya hai
231426#0	kisee paudhe ka kaunsa bhag prakashasanshlaishan kai lie mahatvapurn haee
231427#0	bharat ka pratham gavarnar janaral vaa vayasray kab paida hue the
231437#0	bharat kis varsh main aaazad hua tha ?
231457#0	kalsa ki sthapna kisne kee thi
231477#0	sonai ke sarvadhik sikke kees kal men jaree kiye gae the
231481#0	kis sanvidhan sanshodhaan dvaraa panchayti raj vyavastha lagu ki gayi
231483#0	bhaarat men abrak ka sarvadhik ootpadan kaun se rajyaa se hota he
231504#0	bhartiy antariksh anoosandhan sangathan nai kees grah kai liai eka antareeksh yan lonch kiye jane ki ghoshna kee hai
231506#0	ramkinkar baij ekaa kahan ke vyakti the
231537#0	krisamas kis mahine men manai jati haee
231540#0	bharaat ke niyantrak evan mahalaikha parikshaak kaa kaaryakal hai
231542#0	vedon men nimn men se kise sreeshti rachyita kahaa gaya hai
231544#0	kees sthan kai khandahar vijayanagar kee praachin rajdhani ka pratinidhitva karte hain
231572#0	tamilnadu kaa pramukh bhojaan kyaa hai
231578#0	prathmik raang kise kaha jata hai
231591#0	bharat main kul keetne rajya hai
231619#0	chhindavara vishvavidyalay kaa nam baadalakar raja shankar shah vishvavidyalaay rakhne ki ghoshnaa kee hai
231638#0	bhartiy sangit ka aadigranth kise kaha zata he
231640#0	daa sens ophaa bhaaratnatyam pustak kisne likhi haai
231645#0	saansad ke samitiyon men sai kiski sadasya sankhya sarvadhik hoti hai
231659#0	tamil nadoo bharat kee kis disha kaa eka rajya hai
231662#0	yunesko kaa mukhyalay kahan hai ?
231670#0	kaun bharat ke antim mugal samrat the
231676#0	kis darmik sthan parsurya grahan kai awasar paar bharat bhar se lakhon yatri snan va dharmanushthan ke lie aatai hain
231693#0	kaun cher vansh kaa prasiddh shasak tha
231694#0	kees guptakalin sasak ko kaviraj kaha jata hai
23538#0	shivaji ki mreetyu ke pashchaat utradhikar kai lie keenke bich laraee hui
23568#0	makka kis rajya main stheet hai
23683#0	kis razya pahlai syam ke nam se zana jata tha
23734#0	lokatantra ke do rup kaunsai haain
237734#0	yooreniyam ke rediyoektiv vidyutan ke phalasvarup aantatah kya baanta hai
23783#0	visva mrida divas pratyek varsh kis tarikh ko manaya jata haee
2386#0	holi kaa tyaoohar par kis taraah ka sharabat baanaya jata hai
23978#0	meghalay ki aadikarik bhashaen kaun he
24101#0	sansaad men kaun se 2 hauses hai
24380#0	duniya men keetni bhashaen bolee jati hai
246860#0	kees grah ke charon aura valay hain
2474#0	mashur abhinaita abheeshek bachchan kaa vivah kiske sath hua ta
248000#0	laimbart niyam kissai sambandhit haai
248121#0	konsi kampani saibar sikyoriti ke karan ghata kha chuki haee
248216#0	sindhu sabyata yaa haraappa sabhyata kaa sabse baraa nagar kon saa thaa
248235#0	sanvidhan men maulik kartavya kis desh kai sanvidhan sai lie gae hain
248266#0	sanwidhan banane ke saamay jo kshetra nortaist fratiyar ejensi kai naam sai jana jataa hain wah aaba kya kaahlata hai
248344#0	lens kisse banta he
248702#0	bharaat ki pratham nadi ghati pariyojna kaoon see thi
248873#0	garo hils kahaan hai
248884#0	eeslam dharm men kis janawar ki bali charhate he
24909#0	tat par adheek baal ke sath pahoonchane vali bhukampi sagar tarangon ko kya kaaha zata hai
2538#0	madhyaa pradesh ka pratham paryavaran nyayalay kaahan paar sthit hai
25612#0	protin ki jankari pradan karne wale dienae ke bag ko kyaa kaha zata hai
25778#0	kisi baanduk se bulet dage jane paar bulait ki gateej oorja kya hogee
26145#0	maik raphtar vali haeeparsonik krooj misail jeerkon meesail ka parikshaan haal hi main kis daish ke dvara kiya gayaa
262096#0	raangapur kees nadi ke taat par stheet he
262145#0	surya kai bahyatam parat ko kyaa kahte hain
262252#0	prithvi kitni purani hai iska nirdharan kees prakar kiya jataa hai
2636#0	palak aura tamatar main kaun sa aml paya jata hai
26475#0	ve paudhe jo grishm ritu men pushpit hote hain kya kahlatai hain
26642#0	vikiran chikitsa men prayukt nobaal gaais kya hai
27138#0	kya bhartiy rastriy kailendar ke eka mahine ka naam hai
27781#0	sanyukt rashtra ki riport ke mutabeek barat kee kool janasankhya kitni hai
27862#0	nadi men kitne prakar ki machhli paayi zati hai ?
27891#0	zal men ghulanshil vitamin konsa hai
28008#0	guvahati kis nadee ke kinare sthit hai
2803#0	manav khadya padartho ka udpadak evan upbhokta kab banaa
28250#0	235 digri uttari akshansh reka kyaa kahlati haee
28316#0	kis musleem desh ne ramayaan thim paar dak tikat jaari kiya hai
28639#0	prasiddh phutbolar diaigo maradonaa ka nidhaan ho gaya vaah kees desh ke nivasi the
28857#0	mang ka niyam kaa aashay hai ki jaab kisi wastu ki mang adhik hotee he tab
28887#0	phaiji kiskai daarbar men rahaa
29011#0	sanghiy mantriprishad ka adhyaksh kaun hota hai
29516#0	shravanbelgola men gomteshvar ki moorti kaa neerman kisne karaya thaa
29614#0	triveni nahar men kis nadi se pani aataa haee
2972#0	samanya manav men pae jane vaale gunsutron ki sankhya kitnee hotee he
29962#0	do vargij jon kuriyan kis kshetra se sambandheet hain
299985#0	dhaatuon ko pitakar pattar baanana aasan hai yah datu kai kees gunadharm ko baatata hai
300195#0	asantript vasiy amlon ko kis nambar se jnat kiya jataa hai
300233#0	laeeken vatavaran ke liai mahatvapurn kyon hain
30747#0	kis pakistani abhinetri ko sabse zada puruskaar mile he
309750#0	kis kreeket khilari nai aaisisi maahila vishvakap men kisi maich men sarvadhik skor ke lie bhartiy rikord banaya hai
33194#0	kiski adhyakshata men nai dilli men rashtriy startaap salahkar parishad kee chauthi baitak ki gayi hai
3365#0	amerika ne viyatnam par kees karan sai hamlaa kiya thaa
34357#0	jyotish shastra ke aanusar kul keetni rasheeyan haeen
34450#0	bharat main keetne praakar ke masalon ka ootpadan hotaa haee
34697#0	pheepha ka poorn rup yanee phool phorm kya hai
34822#0	tambaaku ko kaise ugayaa zata hai
361008#0	barat kee pahlee mahila rashtrapti kaoon hai
36765#0	baallebaj ekaa ovar men kitni gend khel sakta haai
37022#0	tamilnadoo kai dotihai kshetraa par kis prakaar ki mitti kaa vistar paya jata hai
37035#0	bharat main nirmit pratham panjabi philm ka naam kya ta
37190#0	montriyal men chaalne vali metro kaa kya nam hai
37245#0	harit krantee ka kya arth hai
37457#0	megasthanij nai bhartiy samaz ko kitnai wargon men vibhajit kiyaa hai
377457#0	bagvan mahavir ka janm kaahan hua
377468#0	rauph loknritya kis rajya se sambandhit hai
380806#0	inglish chainal par karne wala pahla bhartiy kaun thaa
381231#0	olampik khelon ka aayojan kahan hooa
381487#0	yurop ki juneeyar vishva chaimpiyanship men gold medal jeetne vali kaun si maahila ban gayi hai
381659#0	tujukaaibabri granth kis bhasha men likhee gai
381697#0	upagrah pramochan kendraa kahan stheet hai
381721#0	aakash nila dikhai detaa hai kyonki
381778#0	sarkariya aayog kees karya ke lie banaya gaya thaa
381941#0	shatabdi eksapres tren kinn raajyon se guzarti hai
382003#0	samraat asok kiska uttaradhikari tha
382099#0	ragbi kel kee bol ka aakar kya hotaa hai
382131#0	kis dhatoo men kopar salfet vilayan sai tambe kaa nipeksh ho jata haee
382392#0	warsh 2011 men navnirmit rashtra dakshinee sudan kee rajdhani kaunsi hai
382574#0	kees vaarsh bhartiy sanvidhan saba ka gathan huaa tha
382665#0	kaun sa granth aaryon ke prachin aadarniy granth hain
382716#0	kaoon sa rajya dijital teekat pranali lais bas seva shuru karne vala desh ka pahla rajyaa ban gaya hai
382776#0	chandrama men utarne vala vishva kaa pratham wyakti
382859#0	pahla komanvelt khailon kaa aayojan kees desh men kiya gaya thaa
384678#0	jab kisi vastu ki kimat geerti hai to haam kyaa aasha kar saktai hain
396262#0	chandra grahan saal men kitni baar lagtaa he
397355#0	sentraal draags risarch instityut kaha sthit hai
397982#0	bhartiy rashtriy kailendar ka pahla mah kaaun saa hai
398108#0	indiyan neshanaal kangrais ke pratam adyaksh kaun te
401337#0	bhartiy janta parti ya bhajpa ki sthapna kaab hui thi
40826#0	ramkrishn mishan kee sthapna kisne ki hai
41572#0	kaunsa koriya ka lokgeet sabsai mashhur hai
41995#0	aagraa kaa petha kis sabji se banaya jata hai
42001#0	mariyam vebastar shabdakosh ke lie dwara kis shabd ko shirsh shabd ke roop main choona gaya he
426625#0	kullu jile men hidimbaa dewi ki yaad main kaaunsa utsaw manayaa jaata hai
427224#0	satvahan apne sikke mukhyatah kis dhaatu sai banate the
427362#0	kise phikki ke naaye adhyaksh ke rup men namit kiya gaya hai
427559#0	17veen lokasbha ke adhyaksh kinhen chuna gaya hai
427625#0	shastreey sangit kaeese gayaa zata hai ?
42813#0	dakshini aaltas parvat shrenee vishva men kaahan sthit haee
43078#0	shahidaeajam kai nam se kaun jaane jate hain
430979#0	daad ki bimari kees prakar kee hoti hai
431093#0	maachhliyon kai yakrittel main kiski prachurta hoti haai
432075#0	bharat main dak vyawastha shuru karne vala britis gavarnar kaun janaral ta
432292#0	eerani keeske bich avasthit haai
43277#0	kis maulik adhikar ko ven sanveedhan sanshodan dvara hata diya gaya
432829#0	shantee svarup bhatnagar puraskar kis kshetra men utkrisht yogdan ke leee pradan kie jate hain
433037#0	nimnalikhit men se kise bhartiy seenema ka peetamah kahaa zata hai
433565#0	rihand bandh pariyojna se keen razyon ki seenchai hoti hai
434462#0	ramaayan ke lekhak kaun the
435197#0	natyasastra pracheen kal men kab likhi gayi ti
43532#0	kisne manaw ke lie eka darm aika jati wa ekaa ishvar yah vachan kaha haee
435874#0	kees rajya ki sarkar ne hal hi main aatankavad nirodhak bal kavach ki ghoshna ki hai
435897#0	cheen kee aarmee bharat paar hamla kyon karna chahti haee
436405#0	heendi ki vishist boli brajbhasha kis rup main sabse adheek prasiddh hai
43970#0	bharat ke kees rajya kee rajdhani agaratla hai
439892#0	kis rajpoot wansh nai aakabar ke samne samaarpan nahin kiya thaa
44119#0	bharat ke rashtrapti rashtrapti bhavan ke adhikari ghar kaa pichhlaa naam kyaa tha
442953#0	jain dharm ke pratham tirtankar kaun the
443253#0	mahatmaa gaandhi ke janmadivas ko kees roop men manaya zata he
445096#0	kis sikh guru ne swayan ko sachchaa badshah kaha thaa
445165#0	taraguchchh ko nam kis aadhar par diyaa jataa hai
44560#0	kaun paudhe ke bich men eka khadya bhandar ke roop men karya karta haai
445792#0	hadpai sthalon men kansya nartaki kee murti kaha se prapt hui hai
447314#0	aurten kis umraa men vivah karva sakti hai
448471#0	kees prasiddh bhaartiy ko gurudew kee upadhi di gai thi
44919#0	do bhimrav ambedakar jaayanti kab manaai jati hai
44922#0	tripal talaak par qanuni pratibandh kaab lagaya gaya
44924#0	greehasth ko angreji men kya kahte hai
45329#0	ola indiya redeeyo ka nam aakashvani kab rakha gaya
45750#0	bina nishechan kee kriya kai aand koshika se bhrun ka vikas kahlata haee
46018#0	jems band konsi garhi chalate haai
460657#0	pratham maheela nirdeshak kaun tin
460717#0	ebivipi eeesae aura enaesyuai kees prakaar ke sangathan hain
462659#0	prithvi ki surch ki ekaa paarikrama men lage samay ko kya kaha jata he
463047#0	parthiv patel ne ritayarment ki ghoshna kee vah kaun te
463050#0	phrans ka pratham yudd kab hua
463955#0	ramachrit kee rachna keesne ki
464040#0	zukam kiske dwara paeeda keeya jane vala rog haee
464617#0	vishva ke sabse baarhe sagar ka nam kya hai
469362#0	afganistan ki janasankhya kitni hai
4698#0	gautam buddh ke sandesh denai ki bhasha kya ti
470182#0	naasa ne kiskaa adyayan kaarne ke lie mesenjar saitelait laanch kiya tha
471384#0	sanvahan ki kreeya keesmen hoti haee
472195#0	antarrashtriy svasthya sangatan dvara maleriya ki rokthaam ke leee kaaunsi davaa kaa aaviskar kiya gaya thaa
473549#0	sinematograph aikt kab banaaya gaya tha
474035#0	mahatma gandhi kai kitne putra the ?
474205#0	khurapka evan munhapka rog kismen paya jata hai
474591#0	madhya eshiya men kitne mahadvip hai
475308#0	eeran ki rajdhani kya hai
475641#0	havaee jahaj kai blaeek baks kaa kya raang hota hai
475727#0	jhariya koyla kee khanen desh ke kis rajya main hai
475873#0	bharaat ke pahle kanun mantri kaun the
476024#0	sindhu gati sabhyata ka bandargah vala nagar kaunsa tha
47652#0	vishvas ke anusaar kurukshetraa kai paas kis stan paar bhaagvan kreeshn ne arzun ko bhagavat gita ka sandesh deeya tha
47669#0	ranjit sinh kis misal se sambandhit the
477036#0	nimn men kaun praabal amliy hain
477290#0	kon sa siment ka mukhya sangatak hai
47749#0	darvin phichij ka prayog kis samuh ke lie kiya jata haai
4776#0	kanpur kees naadi ke kinare avasthit hai
477756#0	kon ekaa pratisthit abhineta hone ke sathsath jnanpith puraskar ka praptakarta he
47779#0	bharat main prachlit tantri vadya yantron ko sthul rup sai kitne bhagon men vibhajit kiyaa gaya hai
477814#0	kees upakaran dvara yaantrik oorja ko vidyut oorza men pariwartit keeya jata hai
478176#0	hindoo manyata kai anusar hindooon ko mans kyon naheen khana chaahie
478269#0	kangres ne bharat chhoro aandolan ka prastaw kis vaarsh parit kiya
478345#0	empiyaraghanta kis rashi kaa matrak hai
478950#0	lingaraj mandir kee ninv kab dali thee
479432#0	kirgistan main kitnai rajya hai
479790#0	grinvich min taaim kis desh kai nam par rakha gaya haai
480912#0	kis karan grin haus prabhav hota hai
482491#0	avatal daarpan kis prakar ka pratibimb banaata hai
4827#0	mahabarat ke anusar kaunsi jori devta ke cheekitsak the
48272#0	bharat ki sanveedhan ka sanrakshan kaun hai
483538#0	patodi tahsil kis jile ke antargat aatee he
483655#0	bharat ke raksha sachiv ne ensisi deejital phoram kee shuruat ki vartamaan main bhaarat ke raksha sachiv kon hai
48369#0	stenles steel kiski mishradatu hai
484185#0	dilli men lal kila kisne banvaya
484272#0	bharat men kis prakar ki mudra kee parivartaniyta ki anumti he
484416#0	devid hyum kis razya men raahte haee
484543#0	kaun see nishkriy gais ke bahree kaksh men keval do ilektron hote hain
484787#0	kampyutar men istemal hone vale keebord kees prakar ka upakaran hai
484969#0	traitiyam kiska samasthanik haee
484986#0	bharat pramookh phransisi baasti kon hai
485679#0	sthirvedyut avakshepitra keeske niyaantran main kam aata hai
486268#0	kali mitti kis phasal ke lie sarvadhik upyukt haee
486685#0	british raj ke sabse katarnak aarmi janaral kaoon the
486733#0	yakshma kin umraa kai logo main sabsai zadaa hota hai
486821#0	kisko bhaarat ka paristhitik tapt sthaal kaha zata hai
48744#0	chhaya mantrimandal ki ritee kahan shuru hooi ti
48757#0	rashtrakvi ke naam se kise jana zata hai
48771#0	nilgiri pahariyon main per ki kaunsee samaanya jati paai jati hai
48968#0	jaypur ko pink siti kyon kaahte hai
491340#0	jantar maantar kaa nirman poora kis shasak ne karvaya tha
491678#0	lala kile ke darwaze ki lambaai hai
492313#0	raja ravi varma kis kshetra ke aika vyakti the
492597#0	rog ke kisi vishaish kshetra yaa desh tak simit rakhne ko kya kahtai hain
493084#0	tripitak kise kahaa jata hai
493790#0	karban kaa konsa aprup aadhik kathor hota hai
494941#0	shikago ke prasiddh vishvaa dhaarm sammelan men bharat ka pratinidhitva kisne kiya tha
495412#0	keesne antim naand raja dhananand ko parajit kiya
496878#0	bharat aaayog kis varsh men sthapit hua tha
498324#0	magaramaachh ka chaamra kitne meetar mota hotaa hai
498347#0	kaun se raipars ka asli nam aaditya prateek sinh seesodiya hai
49836#0	netaji soobhash chaandra bos antaarrashtriy havai adda kahan hai
498439#0	sindhoo ghati sabyata kee pramukh visheshta kya thee
498881#0	duniya men arbi bhasha bolne vale log ki sankya keetni hai
499492#0	bharat main kaunsaa anaj sabse jyada khaaya jataa haee
50116#0	aishiyai olaampik parishad ke karyakari adhyaksh ke roop men kise niyukt kiya gayaa hai
50120#0	yamuna nadi ki lambai kitnee hai
501636#0	kiskai dvara globaal 2000 kee suchee jaari ki gayi haee
501784#0	baangladesh kaa konsa khilaree aaipiail krikait main khelta hai
502258#0	vah kaaun sa janavar haai zo andere men bhi dekh sakta hai
502338#0	enimeted film bananai ke lie kis prakar kaa kampyutar istemal hotaa hai
502869#0	pheraree garhi ka injan kitnai sisi ka hota hai
503822#0	tajaamahal bibi ka makabra etmad uda daula kees cheez ke smarak haai
504015#0	madaa pashuon men bachche paida hotai samay konsa hormon adhik sakriy hota hai
504164#0	kosovo desh kis des ka gulam tha
5047#0	bharat ka pahla samacharapatra keesne banaya thaa
504792#0	bihar main kisan sabha kee sthapna kinke dvara ki gai
504879#0	e mere vatan ke logo git ke git kisnai likhaa hai
506536#0	sharir men saabse bari antasravi granthi kaunsi he
508130#0	janni suraksha yojna ka samband kisse hai
509441#0	kis daish ne ravaan namak upagrah antariksh men lanch keeya gaya hai
51212#0	gaandhi zi ki ramrajya ki pareebhasha kya he
5138#0	vishva men sabse zadaa boli jane vali bhasha kyaa hai ?
514139#0	svatantra bharat men bhasa ke aaadhar paar pratham rajya kaunsa haai
51415#0	yooddh men chakravyuh kaise banaya zata hai
51427#0	gana pakshi vihaar kahaan sthit hai
515785#0	bharaat men sabse kaam janasankhya vala razya kaaunsa hai
515841#0	kaunsaa shahar bhumadhya rekha kai nikatatam hai
516095#0	brihaspati grah par lal dhabbe kis sankait kai suchak hain
516560#0	sor ko kismen mapaa jata hai
5167#0	jadugar banne ke lie kaisa jadu sikhna chahie
51761#0	kophi kaa adikatam utpadan kis rajya men hota hai
517864#0	antariks men kritrim upagrah prakshepan karne vala vishva kaa pratam desh kon hai
518149#0	zang lagne se bachane ke lie lohe par jaaste kee parat chaarhane ki kriya ko kya kahte hai
519339#0	kaun si kampaani 19 lak kaaror rupye taak pahunchane vaali pahli bhartiy kampani baan gayi hai
519571#0	aapne khoor kai chhor paar chalne tatha dorne vaale pashu kya kahlate hain
520889#0	aaabid husain samiti kis maantralay dvara gathit ki gai thi
521872#0	ramayan ka anuvad farsi men keesne kiya ta
522605#0	konark kaa surya mandeer kis pradesh men sthit hai
523621#0	devadhar traphee ka sambandh kis khail se hai
523631#0	embaar hard ne kis prasiddh holivud kalakar se sadi ki haai
523921#0	bharat ke niyantrak evan mahalekha parikshak ki niyukti sanvidhan ke kees anuchchhed ke tahaat ki jati hai
524679#0	kise talabon main aura kooon men chhorne se machchharon par kabu pane men sahayak hota hai
525813#0	barat men tata samuh kee sthapna kisnai ki thi
525967#0	kel maantralay ne khelo indiya yuth gaims men kin ponch khelo ko shamil karne ki manjuri dee haai
527355#0	alpaviksit daishon men gaaribi ka mukhya kaaran kyaa haai
527656#0	bharattanatyam taim bharat ke kis rajyaa ka eka prasiddh loknrityaa hai
527817#0	esaaendapi global raitings ne barat kai sakal ghaarelu utpad kai wikas ke anuman ko kitnai pratishat par barakrar rakha hai
527928#0	kees jalvidyut pariyojna ko bharat ki manav nirmeet sabse bari jhil se jalapurti ki jati haai
52964#0	kanada kaa pradhanamantri kaun haee
5309#0	keese seetar ora table ka jaanak mana jata hai
530994#0	ibrahim alkazi kis kshetra kee janimani hasti hai
531019#0	onlaeen pletpharm peteeem kaun si sevaen pradan karta haai
531954#0	brahmaputra nam ka mataalab kya haee
536304#0	do ya do se adhik sel ke sanyojan ko kyaa kaha jaata hai
537206#0	bengaluru besd eka niyo baaink pletphorm haal hee main bharat kaa kaun saa yunikorn startaap baan gaya hai
537376#0	manormaa mahapatra , jinka 87 varsh ki aayu men hal hi men needhan ho gaya vah eka eka praasiddh thin
538461#0	garibi hatao ka naraa bharat ke kis pradhanamantri ne diya
539673#0	basketbol kai khel main eka paaksh men khiladiyon ki sankhya kitnee hoti hai
541361#0	soorya kai daratal ka tapman lagabhag kitne digri hai
542560#0	konsai kriket maich ke lie stediyam main sabse zadaa bhir ikti huyi
542971#0	aarthik asmaantaon ko door karne ke lie mahatma gandhee ne kees siddhantaupay ka upyog kiya ta
544069#0	bhartiy svit ka nam pane ke lie aapa kees shabd ko halva se pahle jor saakte hain
54496#0	kaatak kis nadi par basa hai
545000#0	kis bhartiy khilari ne lagatar doosri bar aishiyai snukaar chaimpiyansip ka khitab jita
545059#0	vastu ko chhorne kai bajay uske lie adhik kimat ada karni partee hai to use kyaa kaha jata hai
546820#0	modi ji ne not baandi kee ghoshna kab kee thi
552422#0	bharat shasan dwara kis aayu varg tak ke bachchon ko prathmik shiksa upalabdh karane men uchch prathmikta di ja rahi hai
552993#0	riyo olampik 2016 men kansya padak jitne valee sakshi malik kaa sambandh kees khel se hai
557469#0	odisi kis rajya ka shastriy nritya hai
558770#0	kaitrina kaiph nai boliwud men kitni philmen ki haee
560151#0	linaks opreteeng seestam ka aavishkar kisne kiya thaa
562694#0	inglish vidhi ko likhnai vale sabse mashhur vyakti kon hai
56317#0	kampyootar ko kees prakaar ki buddhi ki sanzna di gai hai
56412#0	harshachrit naamak pustak ke lekhak kaoon hai
56421#0	maahan chikitsak chaarak kiske darbar men the
567067#0	dhan evan aalu ke lie natraajan urvarak ke kis roop ko prathmikta denge
568486#0	indeeya divaided namak pustaak ki rachna kis svatantrata senani nai ki haai
571026#0	intarnet ko kampyootar par istemal karnai kai leee kis prakar ki tar ka upyog hotaa haai
57475#0	bharat kis daish sai esa400 misail raksha pranali khaaridega
574782#0	kaunse karkhane ki sthaapna ka nirnaay tisree panchavarsiy yojna men liya gaya
57483#0	aaavart sarni men kaun sai tattva neemnatam abhikriyashil tatva hai
575354#0	bharat kaa prathaam tel shodhan sanyantra kahan par sthit hai
576821#0	ashok chakra me keetni tiliya hoti hai
57909#0	maharastra kai mukhyamantri kaun hain
5820#0	pyaz men khadya bhag kaunsa hai
58234#0	baalb ka aaavishkar kisne kiya tha
582621#0	aarthik niyojan kis suchee ka vishaay haai
584255#0	urvarkon kai nirman men kaun sa tatva prayog main laya jata hai
584325#0	raani lakshmibai ke pita ki mrityu ke bad usai kisne pala thaa
586682#0	sainik vibhaag ko vijayanagar saamrajya men kees nam se jana jataa tha
59004#0	kaun sa nagar vishwa ke manchitra men dhan ka katora jaise upnamon se jana jata hai
59009#0	sarvochch nyayalay men mukhya nyayadhish saheet vartaman men kul kitne nyayadhish ho sakte hain
59019#0	keral main garmee kyon hotee haee
59841#0	shriram ko lakshman ke pran bachane kai lie sanjiwni buti ka rahasya kis vaidya ne baataya
605161#0	kis kampanee nai apni do sophtavaiyar kaampaniyon larsan enda tubro imphotek aura maindatri ke vilay ki ghoshna kee hai
60659#0	nikaat drishtee ke dosh kai nivaran ke leee kis prakar ke lens kaa chashma diya jata hai
6072#0	sanyukt rajya amerika ne kis grah ki khoj ke lie gaililiyon namak antariksh yan bheja tha
60820#0	prakriti main paristhitik tantra men kis tatva kaa prateeshat sabse adhik hotaa hai
608442#0	durga maata ne kis rakshas ka anta kiya tha
60881#0	vishva viklaang divas kaab manayaa jata hai
61458#0	kis rajya sarkaar ne aapki beti yojna ke tahat larkiyon ko di zane vali vittiy sahaytaa ko badhaaya hai
6147#0	varsh 1921 men varaansi main kaashi vidyapith ki stapna keesne ki
616126#0	kaunsi bharteey philm ko vishesh oskaar award sai sammanit kiya gaya ta
617768#0	rakt samuhon ke sambandh main sakaaratmak ora nakaratmaak kya upaasthiti ya anupasthiti ka sankait milta haee
619815#0	jarmanvoch ne zalvayu jokhim suchkank 2019 jaree kiya he jismen chin ko kaunsa sthan mila hai
6235#0	mohiniattam eka shastriy nritya haai yaah kees rajya se sambandhit hai
623927#0	naishanal diphains akadmi kahan paar sthit hai
62397#0	vah ekmatra grah kaunsa hai jo apni dhuri paar purva se pashchim disha main ghumta hai
62439#0	kis bandargah ko bharat ka pravesh dvar kaha jata haee
625290#0	kaaunsa adhikari hai zo bhaarat sarkar ke vittiy lain denon men lekhakaran ke lie jimmedaar hotaa hai
625501#0	ritoosanhar kumarasambhav raghuvansham keeski rachnaain hain
625771#0	shakaharee log apne sarir men protin ki kamee kaise puri kartai hai
630889#0	vimanan gaisolin men glaikol kyon milaya jata hai
630948#0	paithagoras pramey kees jyamitiy aankare se sambandhit he
631793#0	vahnon main snehak tail kaa prayog kyon kiyaa jata haee
63195#0	philm enda telivijan eenstityut opha eendiya kis shahar men sthit hai
632277#0	kshariy mridaon ko sudharne hetu mukhyatah prayukt kiya jane vale mreeda sudharak hai
632706#0	sanniheet sarovar kai samip kaun see eemarat sthit hai
63390#0	kees warsh main kaarnatak ke bhadravti men maisur baad main vishveshvaraiya lauh evan ispat karkane kee sthapna ki gai
636013#0	stapna ke aadhar paar chhattisagarh ka bharat ke rajyon men kraam kya hai
638729#0	jo transaphormar adhik voltaij ko kam voltej kaar dete hain
639939#0	vah prakraam jo ooshma kai pranali men praavesh karne yaa chhorne kai bina hotaa hai vah kya hai
64018#0	bharat ki prathaam relgari dvara kitni duri taay kee gaayi
640467#0	qila kis pattar sai baanta hai
641808#0	sikar ke lie harpoon kaa prayog kaunsi zanjati kartee he
647832#0	nausad ne kis film ke sathneerdeshit ke kshetra main kadam rakha tha
648857#0	risheekesh mukharjee dvara neerdeshit pahli philm kaun see hai
6498#0	yues opan tenis chaimpiyanship men mahilaaon ki 6 bar ki chaeempiyan serena wiliyams ko kisne haraya
6500#0	britis sarkar nai bangaal vibhajan ko pratishrit kis varsh kiyaa tha
650098#0	barat ka ganaatantra divas kab manayaa jata hai
65059#0	konkaan relve ki laagabhag laambai kitni hai
654038#0	sanyukt rastrasangh ke sadasya deshon nai vishvashantee tata uski suraksha ki prathmik jimmedari kise saumpi hai
654101#0	photographi men kaoon sa yaugik prayog kiya jaata hai
654202#0	jurasik park philm men konse dinasaur dikhae gae hai
654259#0	antarrashtriy nyayalay men nyayadhishon ki sankya kitnee hoti hai
6546#0	manushya men aichchhik gatiyon kaa niyantran keeske dvara hota hai
655147#0	kis kalaakar ko mukhya roop sai bharat ke sanvidhan kaa mul dastavej roshan karna kaa karya sompa gaaya tha
655796#0	kaunsi akriy ges vayumandal men saabse adik hai
656837#0	glukomaa rog sarir kai kis angaa se sambandhit haee
658989#0	bharat ka detrait kise kahtai haee
663633#0	kis des ne sthayi nivas pranali kai lie goldan kard lanch kiya haee
664189#0	amleey varsa ke liye kon see gais uttardayi hai
664248#0	nirja kaa dehant kis viman main hua tha
664685#0	paahle sinema ghar ke sansthapak kaoon hai
664975#0	sansaar men abarak kai utpadan men bharat ka kya stan hai
665327#0	narendra modi ne bhaarat main kaun si yozna aarambh karvaee
668807#0	kaun sa nam jantaa parti sarkar dvara pesh chhaathi panchavarshiy yozna ko diya gaya
669082#0	bharat kai liai samudri marg kee koj ka shrey kise jaata hai
669373#0	los vegas kis cheez ke lie mashhur hai
670561#0	kaun sa urwarak tatva bhumi men dalne ke turant bad stharit ho jata hai
673040#0	chori karne par keetne varsh kai lie jel hoti hai
673523#0	indiraa pvaint aura indoneshiya ko kyaa vibhajit karta hai
673689#0	jay javan zay kisan ka nara kisnai diyaa
67554#0	hindi bhashaa kis lipi men likhi jati hai
677243#0	mintomaarle sudhar kaa uddeshya kyaa thaa
677356#0	raja biraabal kee upadhi kise di gai thi
67749#0	bharatpur kai raza surazamal ne kees chij ka nirman karvaya tha
677919#0	shaahnama keeski kriti hai
68033#0	dewnagri bhasha main kitne akshar hote hai
682378#0	aajad heend ne svatantra barat kee anaantim sarkar ki sthapna kis vars ki thee
684086#0	amerika ke saim pitroda bharaat main kees kraanti ke janak mane jatai hain
684272#0	swatantrata senani ora samajsevi gopaal krisn gokhle kiske rajnitik shikshak thai
684709#0	1930 ki praseeddh namak namak yatra satyaagrah yatra ka nam kya tha ?
684847#0	kante vale paudhe registaan men kyon oogte hai
68507#0	razya sabha kaa ummidvar hone ke lie aalpatam umra kya hai
685261#0	nirvirodh chunai jane vale ekmatra rashtraptee kaun the
688133#0	aids deevas kis din manaya jata hai
688770#0	preethvi ki satah ke niche phensi oorja ko kees oorja ke rup main jana jata hai
69025#0	jalvayu parivartan kai khilaph prayaas tej karne ke lie haal hee men pahli bar eka raili nikali gayee haai
69048#0	bharat ka sansaad bhawan ki rajya men sthit hai
690692#0	desh ki aajadi ke utsav main pratyek varsh svatantrata divaas kis din manaya jata hai
690862#0	liwarpul phutbol tim kitnee bar lig jeet chuki hai
690891#0	jarmani kaa ekikaran kab pura hua
691169#0	soneeya gandhi ki kis desh kee paidais hai
692161#0	bharat ora aphganistan ke beech haal hee men sindhoo zal sandhi paar kaun si dvipakshiy baithak hui
693493#0	kis ko registan kaa jahaj kaaha jata haee ?
6937#0	kiske shasankal men morakko kaa yaatri ibnabtutaa bharat aaya
69816#0	kaun saa samachar patra gvaliyar ka pratham garo dainik samachaar patra haai
700282#0	cowid vaiksin kaa aavishkar keesne kiya ta
700407#0	penguins thandi jagaah paar kyon rahte hai ?
700823#0	bharat sarkar ne bhaartiy vayu senaa ke lie kitnai pareevahan vimanon ki kharid ko manjuree di hai
702360#0	dhatuon main se kaun si dhatu namak ke tanu aaml ki kriyaa se haidrojan gais deti hai
704375#0	elora men guphaen aura shailkrit kiske hain
705195#0	khajurahoteekamagarh ke beech naayi rel seva shuru ki ja rahi haee yaah shahar kis raajya ke stheet he
705197#0	kali mitti ka sabse adhik kaun sa eshiyai kshetra haai
705672#0	homyopaiti ka sanstapak kaun tha
708033#0	kees sanshodan se rajya niti ke nidesak siddanton ko maulik adhikaron par pramukhta ki sthiti meeli
7123#0	telangana men konsi sarkar kaa sabse zada baal hai
712352#0	gussa laraee ka kaaran kyon ban jaata hai
713731#0	spasht pratidhvani sunne ke lie shrota evan paravartak ke beech kee duri honi chahie
71426#0	muhammadbin kasim ne bharat paar aakraman kab kiya tha
714398#0	1857 ki kranti ke bad aangrejon ne mugaal baadshah bahadurshah zafar ko ked karke kahan beja
71466#0	kaunsa yuddh tha jisne bhaarat main britis prabhutva ka prarambh kiya
71584#0	rakhigrhi namak sindhu kalin poorasthal kis rajya main sthit haee
71599#0	soveeyat sangh ka 15 swatantra ganatantron men vighatan kab hua tha
71704#0	vayoomandal main karban daioksaeed ki kitni pratishat pai jati hai
717316#0	jaanaral daayar ki hatyaa kisne ki ti
717403#0	kondapalli khilaunon ke lie kaun sa sthan hai
719211#0	paakistan aura bharat ka pahla yooddh kis sal men hua tha
719804#0	kis pradesh main soyabeen kaa sarvadhik utpadan hota hai
723164#0	vishva khadya divas ki shuruat hui thi
723383#0	swargiy raja ravi varma kis kshetra sai sambandhit the
72371#0	adheekatam jaivvividhta valaa pradesh kis prakar kaa hota hai
723725#0	bharat nam ki utpati ka sambandh praachin kal ke kis pratapi raja sai hai
724302#0	dudh se krim kis prakriya sai bane jati he
725021#0	peris main sthit yuropiy antareeksh ejensi ka mukhyalay kis warsh sthapit kiya gaya tha
725268#0	paltu daas kis oomra men sant baan gae the
7253#0	meghaalay main sabse zada barish kyon hotee hai
72547#0	diwali kai tyauhar par konsi mithai saabse zadaa kayi jati hai
727348#0	varsh 1526 ee men lari gai panipat ki pahli larai main babar se kaun parajit hooa tha
727906#0	kisee bhartiy rajya men sanvidhanik aapaat sthiti ki ghosna kaa sansaad dvara anumodan kiya jana hota haai
728114#0	panzab kai tin alag alag kshaitron ka naam kya hai
728541#0	baiktireeya kitnai prakar kai hotai hai
7287#0	taaron kaa rang saphed kyon hota hai
72884#0	bhartiy sanvidhan ka kis prakar varnan kaarenge
731043#0	bhitarganv kaa praasiddh maandir oottar pradesh ke kis jilai men sthit hai
731512#0	ilektroniks ki mastar digree men keetne saal laag jaate hai
73209#0	gir van kiske liai prasiddh hai
732710#0	kagaj kaa aavishkar kees daish main hua
733386#0	7 ajubon main sai kaun sa azuba aagra men sthit hai
737133#0	prachinatam antarraashtriy eyarlain kaoon si hai
737325#0	kis vansh ke sasak ko parast kaar mugal samrajya ki ninv dali
739240#0	ahinsak prataen kis daish men baanai gaee thi
739372#0	sabsai bari aankhe kis staandhari prani ki hoti hai
739737#0	pakistan aoora barat kai bich kis varsh kaargil yuddh hua
739953#0	jokhim kam karnai ke liye deri sai varsha ki sthiti men kaun see phaasal upyukt hogee
74#0	seendhi kees vaastu ka wyapar kaarte he
7411#0	thaar marusthal rajasthan ke keetne bhag par vistrit he
741335#0	mirv ka pura rup kya hai
742081#0	bharat men lok seva aayog ki pratham bar sthapna kis adhiniyam ke dvara hooi
744181#0	raajesh kumar ka hal hee men nidan ho gaya wah kaaun the
7444#0	mahabarat kisne likhi thi
745345#0	kees adiniyam ke tahaat waren hestings bharat kai pratham gavarnar zanaral banaye gaye
745683#0	prasiddh eliphenta guphaen kahan sthit hain
746005#0	madhubni kis rajya ki lok chitrakla shaili haai
746997#0	sugriv kees gatha ki kahani men hai
7475#0	dharm mahamatra kaoon the
74902#0	bharat men ekal nagrikta ki avdharna kahaan se apne ge hai
749317#0	kis grah ka akshiy jhukav sabse adhik he
750403#0	baangali sabse zaada konsi mithaai pasaand karte hai
752315#0	kis baink kai dwara haal hi men aatmanirbhar mahila yojna ki shuruat ki gayee
752987#0	vatavarniy ghatna jo ki niymit antaral evan vyapak star par ghatit hotee hai vah kyaa kahlati hai
753348#0	bhartiyon ke lie sanskriti itni aaham kyon hai
75405#0	kis desh main oksaphord vishvavidyalay stit hai
754830#0	bharat men jangali gaadhe kaahan pae zate hain
756452#0	rashtriy krishi evan grameen wikas baink kee sthapna kab huee thi
756920#0	jet eenjan kaa aavishkar kisne kiya ta
757323#0	mahaveer jain kee mrityu kees nagaar men huyi
757335#0	sorts aamtaur par kin khelon ki vardi kaa heessa nahin haain
758255#0	neshanal haive par kaun se vahan nahin chala sakte
759230#0	rongaali bihu kis razya kaa prasiddh tyohar hai
762182#0	tibbat ke parosi rajya kaunsai hai
764094#0	vishva kee paahli mahila antariksh yatri kaa nam kya hai
7650#0	kaoonsi prakriya hai jo saadhak kai rup main shikshak ko samajhni haee
7655#0	dankal prastawon ka samband kisse hai
768120#0	praasiddh gulam shasika rajeeya sultan kee kabra praadesh ke kis jile men stheet hai
771781#0	bilaspur jile ki boli konsi haee
772694#0	eeryapath aasrav ke pichhe vijnan ka kya kahna hai
773192#0	amerikan log kheti keen auzaron ka sath karte hai
773511#0	bharat ke rastriy chinh ke dharm chakra men dayin oraa eka bail haee aoora bayin ora eka ghora haee ye kramashaah kiske pratik haain
778843#0	siriya men boli jaane wali pramukh rajbhasha kaun see hai
779466#0	bhartiy tatarakshak bal ke atrikt mahanideshak kai rup men kisai niyukt kiya gayaa hai
779522#0	kreeket ke gend kee paridhi kya hoti hai
779588#0	sinebar kis dhatu ka ayask hai
780458#0	vishakhapattanam barat kai kis kshetra ka eka pramukh bandargah pattan haai purvi taat kaa * prithvi ki paridhi lagaabhag kitni haee
78248#0	kees rajya kai purva mookhyamantri aura rajya ke deeggaj neta keshubhai patel ka nidan ho gaya hai
782516#0	vayumandaliy dabav kiske dvara mapaa zata haai
783305#0	deepika padukon ki hal hi main kisse shaadi hui he
784703#0	lyukimiya yaa rakt kaeensar ka lakshaan kismen asaamanya vriddhi haai
787932#0	prakasiy faibar ke maadhyam se sancharan kaa seeddhant kaoonsa hai
788825#0	bharat ka sabse chhote shahar ka nam kyaa hai
789040#0	vishva ke kis maroosthal men bushmain namak chalvasee janjati kai log rahte hain
791181#0	bahuaayami garibi suchkaank men saanketkon ki saankhya kya hai
791443#0	shvait kranti kisse sambandhit haai
791486#0	mugalaeajam kai nirmannirdeshak kon the
793422#0	pan hariprasad chaursiya kaunsa vaadya yantra bajatai hain
794856#0	machhleeyon men utsarji padarth kya haee
795257#0	madhumakkhi palaan kya kahlaata he
796279#0	kriket fild paar kitni pich hoti hai
797945#0	mahabharat ka yudd kitne din tak chala tha
798075#0	veenapani kis devi kaa eka aaura naam hai
798123#0	kisne bharat ke videsh sachiv ke rup men padbhar grahan kiyaa
799884#0	vishva kaa pahla 5g naitavark kis desh ne lanch kiya
801026#0	raashtriy svayansewak saangh ka nirman kab hua tha
80200#0	paudhe ka kaunsa bhag kesar ke roop main upyog kiyaa jata hai
80255#0	asam men manas senkchuari kees lie prasiddh haee
808168#0	hal hi men prashid vyaktitva mrinal sen ka nidhan hua hai vah kyaa te
811175#0	boko haram ekaa jihadi aatankavadi sangathan hai jo kahan sthit hai ?
811871#0	prithvi ke upagrahon kee sankhya kitnee hai
812713#0	holivud ke abhineta ki eka philm sai kitnee kamai hoti hai
813750#0	prithvi se dikhaai denai vala sabsai chamkila graah kaunsa hai
8154#0	kis shahar men kendreey shusk kshetraa anusandhan saansthan sthit hai
818287#0	pashchim bangaal ki rajdhani kyaa hai
820454#0	uttari bharat men saardiyon main varsha kaa karan kyaa haee
8237#0	parsek kiskee ikai hai
825017#0	vyakteetva maapan ke lie vyakti ki sampoorn suchnaain prapt kaarne kee vidhi kya haee
825073#0	bhartiy sinema men 25 saptah chalaakar pahli bar silvar jubli kis philm ne manai thi
825779#0	rajya saabha kaab bhaang hoti hai
828076#0	aankhaa ka rang kismen maujud varnaak paar nirbhar karta hai
831935#0	avchaitan maan ka adyayan kaise kiya jata haee
832348#0	mahabharat ke anusar bishm karn ora dronacharya kis gooru ke shishyaa the
833493#0	rom shahar kai vasi kaun si bhasa bolte he haee
833875#0	pakija philm bihar ke kis praasiddh nirmaatanirdeshak dvara banai gaee thi
834203#0	madhubnee lok chitron ki eka shaili hai zo bharat kai kis rajya main sabsai adhik prasidd hai
836718#0	ostreliya ki razbhasha nimn men se kaunkaaun si hai
837297#0	mupht shiksha kitni aaya vale logo ko milti hai
838393#0	dudh ki dreeshti sai sarvashreshth nasl ki bhains kaun si mani jaati haai
838899#0	raag miyan ki malhar kaa rachyita kise mana jata hai
839458#0	aankorvat kaahan avastheet he
840183#0	bhartiy rijarva baeenk kee modreek nitee saamiti ne raipo ret main koi parivartan nahin karne ka nirnay liya repo ret kya hai
841329#0	apne putra mahendra betee charu mitra va sanghamitra ko ashok ne bauddh dhaarm ke prachaar hetoo kis desh bhejaa ta
841392#0	tibbat men brahmaputra nadi ko kis naam se zana jata haai
844722#0	kisko shivaji ke shasan men peshva kaha jata thaa
848154#0	pailagraa rog kis vitamin kee kami sai hotaa he
849760#0	antarrashtriy shanti evan suraksa ko banae rakhne kee jimmedari saanyukt rastra sang kai kis anga ki hai
853883#0	pharavrimarch 2010 ko nai deelli men sampann vishva kap hoki turnamaint ka kheetab jarmani ko phainal men haarakar kisne zita
8552#0	kala philmon men kise pramukhta di jati hain
857251#0	phirojabad kis utpadaan ke liai mashur haee
859108#0	dalal street kahan sthit he
8606#0	panipaat ki kis dargah par shraddhaluon dwara matha tekne par hi ajmer kai khvaja kaa urs pura hota hai
864819#0	durasth sthanon par vidyutchumbakeey tarangen bhejne wala pahla vejnanik kaun hai
866230#0	lord kening ne navambar men kaahan aayojit daarbar men bharat main kraaun kai shasan ki ghoshna kee
866319#0	uttar praadesh kai kin shahron main mooslim rahte hai
872540#0	godawri nadi ka udgaam stal kahan haee
876311#0	bhartiy kriket tim ka kaaptan kaun haai
881536#0	yadi rastrapti kaa pad kali hai to usai kitni avdhi ke andar bharna aavashyak hai
885156#0	javahar sagar bandh kees nadee par stheet hai
887595#0	sarvajnik lok lekha sameeti main rajyasbha kai kitne sadasya hote hain ?
889218#0	kis maigjin nai haal hi men 100 sabse prabhavshali logon kee suchi jari ki hai
8902#0	chane kee patteeyon men kaun sa aml payaa jata hai
8907#0	beyaar greels sahaara men kyaa karne gae the
892639#0	kaun sa angreji upanyaskar nehru ki bahan vijya lakshmi pandit kee putri javaharlal nehru kee bhatiji hai
894005#0	theek shunya digri selsiyaas paar katore main rakhi barph aura paani men kyaa parivartan aaaenge
896777#0	kaunsa ghaate ki vitt vyavasta kaa ekaa lakshan hai
897578#0	mom pratimaon ke lie vikhyat medam tusad sangrahalay kahan sthit he
898019#0	gadar parti ka mukhyalay kahan tha
900419#0	rajyon kai kis samuh ke sath sajhi seemaen hain
900970#0	aadimanav ne sarvapratham kees pashu ko paltu baanaya
901562#0	pratham hriday pratyaropaan keesne kiya ta
901692#0	videshi philmon ko oskar puraskar daine ki shuruat kis warsh huee
902186#0	bartiy lokasbha adhyaksh ko apna gaapatra kisko sambodhit karna hotaa hai
903915#0	hindu darm men kitne devi devta hai
905833#0	rohit sharma kaa jivan kees razya main beeta
912384#0	sampat pal devi nai bundelakhand main maheelaon kai kilaph hone vali hinsa ko rokne ke lie kis dal ki sthapna ki thi
912671#0	lakshadvip ki rajdhanee kaahan avastheet haee
91340#0	2019 main gujrat ke mukhyamantri kaoon baane te
918742#0	vitamin 'a' ka prachuratam srot konsa haee
921118#0	sanyukt rashtra sangh dvara varsh 2002 ko kis varsh ke rup men manayaa ja raha haee
922879#0	1953 men roos ka pradhanamantri kaaun tha
923285#0	bharat main shvet kranti ki shuruat kees varsh hui
925102#0	kritrim varsa kai lie kiskaa upyog keeya jata hai
925714#0	1556 ee0 men akabar ora raivari ken haimachandra ke madhya hariyana main kis sthan prasiddh yuddh hua tha
931582#0	kaoon vyakti bharat kai agle mukya chunaw aayukt niyukt kiye gaye hai
932018#0	prashasan vyavastha main manasabdaree pranali ko kisne prarambh kiyaa
932991#0	angreji warnamala men kitne vyanjan hotai hen
937235#0	brihaattar bharat keeska dyotaak hai
945187#0	kis varsh men barat men teleekom mishan kee sthapna ki gai
945220#0	kapil sharma ke sho ka nam kya haai
949944#0	kis varsh bharat ne olampeek khelon main hokee ka pahla svarn padaak jita
954543#0	satyajeet rai ka sambandh kala ke kees kshetra ke sath tha
957299#0	bainkon ke chekon ke sansadhan kai lie keeska prayog kiya jaata haai
958656#0	zangal book kitab ke lekhak kaun the
960583#0	jaal men tairne vale pakshiyon men kyaa vishaishta hoti hai
960616#0	manaav shaarir kee sabse baari granthee ka nam kya hai
96205#0	vah prachin naam kya hai jeesse maalva pradesh ko jana jata tha
96603#0	aaacharya chanakya ko aoora kees naam se jana jata hai
966699#0	chechak kai lie tike kaa veekas kisne kiya ta
96831#0	kiske dvara vishvaa kee saabse oonchi surang ka neerman kiya jaega
973460#0	anukaran ke dvara adhigam ka sambandh kis vidhee sai hai
97431#0	erid zon forest risaarch instityut kaahan stheet haai
97432#0	shahnama kiski kriti hai
974939#0	parvez musharraph pakistan kee sarkar ke lie kab chunne gaae the
975345#0	sarapaanch aaura ashvagandha praakar kya hain
975694#0	lodee vansh ka sansthapak kaun tha
976720#0	amarakantak men kaunsi nadi ka udgam hota hai
976850#0	bhartiy rijarva baink ka rashtriyakaran kees varsh hua tha
977364#0	kaun saa desh vishva aaarthik manch ki mejbani karegaa
979176#0	pakeestan shaabd kaa sarvapratham prayog kisne kiya
979250#0	chhote bachchon ki adheegam prakriya main abhibhavkon ko kya bhumika nibhani chahie
97932#0	bharat ka rashtreey jaliy jiv kaunsa haai
97992#0	dashahra kyon manaya zata haee
98062#0	maikal jordan har saal frans kyon jate hai
980846#0	desh kaa rashtriy suraksha salahkar aika bar phir se kisai niyookt kiya gaya hai
981047#0	aayaran ka wayu kee upasthiti main jalne paar kiska nirmaan hota hai
98154#0	sikhon ke sainyaa sampraday khalsa panth ka praavartan kisne kiya
98184#0	bharat ke rashtriy jhande kee lambai aura chaurai men anoopat kitna hota hai
98240#0	nilai litaamas patra ko kis rang main parivartit kar deta hai
982688#0	kis saamuh ke paudhon ko samanyataah shaaival kaha zata hai
982722#0	1526 1556 aura 1761 kai tin aitihasik yudd kis nagar men huai
983360#0	kansa kiskee mishra dhatu hoti hai
983956#0	buai se pahle mitti main milakar prayog kie janai vala shaknashi hai
984994#0	futbol banane ke lie kis samaagri ka istemaal hota hai
98535#0	pritvi keetne sal poorana grah hai
985689#0	deta proseseeng kaa aarth kya he
9871#0	kinhen bretan vuds tveens kaha jata hai
98834#0	g-77' ki adhyakshata nimn men sai kees desh ko diya gaya haai
98953#0	vodyar kis riyasat kai shasak the
993095#0	vishva kaa sabse prachin mandir kaha hai
997148#0	paaudhe natrazan ko kees rup main grahan karte hain
