threshold,neural_share,gate_ndcg@10,random_ndcg@10
0.0,1.0,0.4962,0.4962
0.02,1.0,0.4962,0.4962
0.04,1.0,0.4962,0.4962
0.06,1.0,0.4962,0.4962
0.08,1.0,0.4962,0.4962
0.1,1.0,0.4962,0.4962
0.12,0.9981,0.4963,0.4963
0.14,0.9952,0.497,0.4964
0.16,0.9895,0.498,0.4964
0.18,0.9781,0.4995,0.4964
0.2,0.9686,0.5012,0.4965
0.22,0.9476,0.5014,0.4971
0.24,0.9267,0.5025,0.4977
0.26,0.8857,0.5036,0.499
0.28,0.8419,0.5086,0.4994
0.3,0.7857,0.5131,0.4997
0.32,0.7295,0.5193,0.4999
0.34,0.6771,0.5223,0.4996
0.36,0.6048,0.5305,0.5003
0.38,0.56,0.5339,0.5004
0.4,0.5105,0.5386,0.501
0.42,0.4629,0.538,0.5012
0.44,0.419,0.5389,0.5017
0.46,0.3733,0.5393,0.5025
0.48,0.3324,0.537,0.5029
0.5,0.2933,0.5358,0.5031
0.52,0.2429,0.5328,0.5036
0.54,0.1933,0.5311,0.5043
0.56,0.1581,0.5283,0.5056
0.58,0.1305,0.5236,0.5055
0.6,0.0952,0.5207,0.5062
0.62,0.0676,0.5181,0.5063
0.64,0.0486,0.5132,0.5068
0.66,0.0343,0.5111,0.5066
0.68,0.021,0.5085,0.5068
0.7,0.0143,0.5075,0.5068
0.72,0.0095,0.5079,0.507
0.74,0.0038,0.5077,0.5074
0.76,0.001,0.5076,0.5073
0.78,0.0,0.5073,0.5073
0.8,0.0,0.5073,0.5073
0.82,0.0,0.5073,0.5073
0.84,0.0,0.5073,0.5073
0.86,0.0,0.5073,0.5073
0.88,0.0,0.5073,0.5073
0.9,0.0,0.5073,0.5073
0.92,0.0,0.5073,0.5073
0.94,0.0,0.5073,0.5073
0.96,0.0,0.5073,0.5073
0.98,0.0,0.5073,0.5073
1.0,0.0,0.5073,0.5073
