qid,spellings,dhvani_keys,keys_agree
101442#0,bhaagon / bhago / bhagon,BGN / BG / BGN,False
101442#0,mein / me / mein,MN /  / MN,False
1093041#0,janasankhya / jansankhya / jansankhya,JNSNKY / JNSNKY / JNSNKY,True
1093041#0,hisaab / hisab / hisab,HSB / HSB / HSB,True
1093041#0,saatva / satva / satvaa,STV / STV / STV,True
11820#0,angrezon / angrezo / angrezon,ANGRJN / ANGRJ / ANGRJN,False
11820#0,saath / sath / saath,ST / ST / ST,True
11820#0,mein / me / mein,MN /  / MN,False
11820#0,maare / mare / mare,MR / MR / MR,True
1262944#0,ooncha / uncha / ooncha,ANC / ANC / ANC,True
1262944#0,baandh / bandh / bandh,BND / BND / BND,True
1262944#0,baandh / bandh / bandh,BND / BND / BND,True
14145#0,vartamaan / vartaman / vartaman,VRTMN / VRTMN / VRTMN,True
14145#0,mein / me / mein,MN /  / MN,False
14145#0,mein / me / mein,MN /  / MN,False
14145#0,hain / hai / hain,HN /  / HN,False
171230#0,gyaan / gyan / gyan,GYN / GYN / GYN,True
171230#0,praapt / prapt / prapt,PRPT / PRPT / PRPT,True
171230#0,jaata / jata / jata,JT / JT / JT,True
171230#0,kehlaata / kehlata / kehlata,KHLT / KHLT / KHLT,True
181933#0,yadi / agar / yadi,YD / AGR / YD,False
181933#0,isteefa / istifa / isteefa,ASTP / ASTP / ASTP,True
181933#0,saunpega / saunpega / saupega,SNPG / SNPG / SPG,False
182462#0,mahmud / mahmud / mahmood,MHMD / MHMD / MHMD,True
182462#0,ghazni / ghazni / gaznavi,GJN / GJN / GJNV,False
182462#0,dhaava / dhava / dhava,DV / DV / DV,True
184437#0,mein / me / mein,MN /  / MN,False
221017#0,shareer / sharir / sharir,SR / SR / SR,True
221017#0,mein / me / mein,MN /  / MN,False
221017#0,hain / hai / hain,HN /  / HN,False
228911#0,mein / me / mein,MN /  / MN,False
228911#0,seemant / simant / seemant,SMNT / SMNT / SMNT,True
228911#0,jaata / jata / jata,JT / JT / JT,True
229394#0,mein / me / mein,MN /  / MN,False
229777#0,shaasak / shasak / shasak,SK / SK / SK,True
229777#0,babur / babar / babar,BR / BR / BR,True
229777#0,dilli / delhi / dilli,DL / DLH / DL,False
229777#0,adhikaar / adhikar / adhikar,ADKR / ADKR / ADKR,True
229888#0,parmaanu / parmanu / parmanu,PRMN / PRMN / PRMN,True
229949#0,bharatiya / bharatiya / bhartiya,BRTY / BRTY / BRTY,True
