rank,term,df,idf,in_my_stop_list
1,के,85558,0.112,True
2,में,83287,0.124,True
3,है,74987,0.17,True
4,की,63061,0.245,True
5,का,61706,0.254,True
6,और,59116,0.273,True
7,से,58154,0.28,True
8,एक,54521,0.308,True
9,को,48751,0.357,True
10,हैं,39886,0.444,True
11,पर,36781,0.479,True
12,किया,33030,0.526,True
13,भी,30281,0.564,True
14,यह,29139,0.58,True
15,लिए,28451,0.591,True
16,ने,27845,0.6,True
17,इस,24919,0.648,True
18,था,24835,0.65,True
19,गया,24659,0.653,True
20,जो,22705,0.689,True
21,रूप,21495,0.712,False
22,कि,20116,0.741,True
23,जाता,19864,0.747,False
24,भारत,19650,0.751,False
25,ही,17828,0.794,True
26,करने,17703,0.797,True
27,साथ,17482,0.802,True
28,द्वारा,17278,0.807,True
29,कर,17016,0.814,True
30,हो,16474,0.828,True
31,नहीं,15471,0.855,True
32,बाद,15449,0.856,True
33,या,14474,0.884,True
34,थे,14419,0.886,True
35,तक,13917,0.901,True
36,अपने,13563,0.912,True
37,दिया,13059,0.929,True
38,थी,12661,0.942,True
39,तथा,12551,0.946,False
40,राज्य,12464,0.949,False
