rank,collection_frequency
1,377290
2,286388
3,251180
4,173298
5,154661
6,136900
7,130639
8,111216
9,94611
10,86582
11,64229
12,54449
13,52725
14,50075
15,46771
16,46655
17,43688
18,39905
19,36690
20,33959
21,31368
22,30804
23,30525
24,27909
25,26411
26,25802
27,25578
28,25116
29,24337
30,23606
31,23330
32,22611
33,22407
34,20941
35,20350
36,18797
37,18779
38,18087
39,17965
40,17812
41,16161
42,15615
43,15003
44,13948
45,13314
46,13189
47,12926
48,12518
49,12233
50,12152
51,12128
52,12097
53,12011
54,11956
55,11924
56,11791
57,11606
58,11349
59,11339
60,11230
61,11221
62,11118
63,11108
64,10955
65,10944
66,10860
67,10844
68,10156
69,10076
70,10055
71,10046
72,10010
73,9857
74,9834
75,9586
76,9516
77,9446
78,9421
79,9274
80,9261
81,9193
82,9070
83,8969
84,8932
85,8930
86,8910
87,8579
88,8514
89,8513
90,8496
91,8317
92,8280
93,8114
94,7763
95,7583
96,7502
97,7395
98,7384
99,7285
100,7242
111,6902
123,6167
136,5705
150,5283
166,4871
183,4377
202,4003
223,3554
246,3214
271,2965
299,2752
329,2529
362,2298
399,2133
439,1958
483,1812
532,1685
586,1578
645,1448
710,1321
782,1185
861,1074
948,983
1043,898
1148,809
1263,731
1390,662
1530,601
1684,542
1853,486
2039,437
2243,391
2468,349
2715,313
2987,279
3286,245
3615,217
3977,191
4375,170
4813,150
5295,131
5825,116
6408,102
7049,89
7754,78
8530,68
9384,60
10323,52
11356,46
12492,40
13742,35
15117,30
16629,26
18292,23
20122,20
22135,17
24349,15
26784,13
29463,11
32410,10
35652,8
39218,7
43140,6
47455,5
52201,5
57422,4
63165,4
69482,3
76431,3
84075,2
92483,2
101732,2
111906,2
123097,1
135407,1
148948,1
163843,1
180228,1
198251,1
218077,1
239885,1
263874,1
