word,roman,dhvani_key,df_devanagari,df_roman,df_pooled,idf_devanagari,idf_roman,idf_pooled
यंत्र,yantra,YNTR,319,103,351,5.849,6.976,5.754
समय,samay,SMY,6555,2700,9260,2.828,3.715,2.482
अधिकतम,adhikatam,ADKTM,331,145,492,5.812,6.636,5.416
अंतर्गत,antargat,ANTRGT,3737,1603,5378,3.39,4.236,3.026
स्थित,sthit,ST,9047,3165,18994,2.506,3.556,1.764
संख्या,sankhya,SNKY,2036,807,2918,3.997,4.922,3.637
वृद्धि,vriddhi,VRD,957,385,3641,4.752,5.661,3.416
शक्ति,shakti,SKT,1483,473,13896,4.314,5.456,2.077
पास,pas,PS,2774,1132,6169,3.688,4.584,2.889
आम,aama,AM,1805,700,3791,4.117,5.064,3.375
तौर,taur,TR,2035,793,5208,3.997,4.94,3.058
जाता,jata,JT,24724,5850,29072,1.5,2.942,1.338
योजना,yojna,YJN,1161,458,1811,4.559,5.488,4.114
संबंधित,sambandhit,SNBNDT,1781,723,2516,4.131,5.032,3.785
जापान,japan,JPN,529,253,1085,5.344,6.081,4.626
