threshold,neural_share,ndcg@10
0.0,1.0,0.5432
0.01,1.0,0.5432
0.02,1.0,0.5432
0.03,1.0,0.5432
0.04,1.0,0.5432
0.05,1.0,0.5432
0.06,1.0,0.5432
0.07,1.0,0.5432
0.08,1.0,0.5432
0.09,1.0,0.5432
0.1,0.9989,0.5432
0.11,0.9989,0.5432
0.12,0.9978,0.5435
0.13,0.9961,0.5438
0.14,0.9956,0.5438
0.15,0.9922,0.5442
0.16,0.9889,0.5451
0.17,0.9867,0.5451
0.18,0.9817,0.5454
0.19,0.9717,0.5452
0.2,0.9644,0.546
0.21,0.9556,0.5463
0.22,0.9456,0.5468
0.23,0.9333,0.5493
0.24,0.9189,0.5521
0.25,0.9017,0.5532
0.26,0.8778,0.5529
0.27,0.8583,0.5531
0.28,0.8417,0.5525
0.29,0.8111,0.5526
0.3,0.7833,0.5513
0.31,0.7572,0.553
0.32,0.7378,0.5524
0.33,0.7033,0.551
0.34,0.6717,0.5514
0.35,0.6433,0.5514
0.36,0.62,0.5496
0.37,0.5983,0.5481
0.38,0.5689,0.5487
0.39,0.5367,0.5467
0.4,0.5133,0.5457
0.41,0.4872,0.5452
0.42,0.4617,0.5442
0.43,0.44,0.5444
0.44,0.4239,0.5428
0.45,0.39,0.5415
0.46,0.3706,0.5406
0.47,0.3544,0.5394
0.48,0.3294,0.5364
0.49,0.3122,0.5349
0.5,0.2917,0.5349
0.51,0.2706,0.5331
0.52,0.2506,0.5318
0.53,0.2278,0.5286
0.54,0.2061,0.5261
0.55,0.19,0.5241
0.56,0.1694,0.5222
0.57,0.1528,0.5202
0.58,0.1383,0.5176
0.59,0.1178,0.5151
0.6,0.1028,0.5144
0.61,0.0883,0.5131
0.62,0.0744,0.5101
0.63,0.0589,0.5084
0.64,0.0478,0.5064
0.65,0.04,0.5053
0.66,0.0344,0.5043
0.67,0.025,0.5023
0.68,0.0206,0.5021
0.69,0.015,0.501
0.7,0.0122,0.5004
0.71,0.0094,0.5001
0.72,0.0072,0.5001
0.73,0.0061,0.4996
0.74,0.005,0.4994
0.75,0.0033,0.4994
0.76,0.0028,0.4992
0.77,0.0028,0.4992
0.78,0.0028,0.4992
0.79,0.0028,0.4992
0.8,0.0017,0.4992
0.81,0.0006,0.4989
0.82,0.0006,0.4989
0.83,0.0006,0.4989
0.84,0.0006,0.4989
0.85,0.0006,0.4989
0.86,0.0,0.4989
0.87,0.0,0.4989
0.88,0.0,0.4989
0.89,0.0,0.4989
0.9,0.0,0.4989
0.91,0.0,0.4989
0.92,0.0,0.4989
0.93,0.0,0.4989
0.94,0.0,0.4989
0.95,0.0,0.4989
0.96,0.0,0.4989
0.97,0.0,0.4989
0.98,0.0,0.4989
0.99,0.0,0.4989
1.0,0.0,0.4989
