system,query_form,metric,value,n_queries
B0,F1,ndcg@10,0.4276,60
B0,F1,p@5,0.2233,60
B0,F1,p@10,0.145,60
B0,F1,recall@100,0.7663,60
B0,F1,mrr@10,0.4585,60
B0,H-R1,ndcg@10,0.0,60
B0,H-R1,p@5,0.0,60
B0,H-R1,p@10,0.0,60
B0,H-R1,recall@100,0.0042,60
B0,H-R1,mrr@10,0.0,60
B0,H-R2,ndcg@10,0.0,60
B0,H-R2,p@5,0.0,60
B0,H-R2,p@10,0.0,60
B0,H-R2,recall@100,0.0042,60
B0,H-R2,mrr@10,0.0,60
B0,H-R3,ndcg@10,0.0,60
B0,H-R3,p@5,0.0,60
B0,H-R3,p@10,0.0,60
B0,H-R3,recall@100,0.0042,60
B0,H-R3,mrr@10,0.0,60
B0,H-CM,ndcg@10,0.0,60
B0,H-CM,p@5,0.0,60
B0,H-CM,p@10,0.0,60
B0,H-CM,recall@100,0.0042,60
B0,H-CM,mrr@10,0.0,60
B0,H-EN,ndcg@10,0.0,60
B0,H-EN,p@5,0.0,60
B0,H-EN,p@10,0.0,60
B0,H-EN,recall@100,0.0,60
B0,H-EN,mrr@10,0.0,60
B1,F1,ndcg@10,0.5706,60
B1,F1,p@5,0.3133,60
B1,F1,p@10,0.1967,60
B1,F1,recall@100,0.9478,60
B1,F1,mrr@10,0.5941,60
B1,H-R1,ndcg@10,0.0196,60
B1,H-R1,p@5,0.0133,60
B1,H-R1,p@10,0.0067,60
B1,H-R1,recall@100,0.0524,60
B1,H-R1,mrr@10,0.0228,60
B1,H-R2,ndcg@10,0.019,60
B1,H-R2,p@5,0.0133,60
B1,H-R2,p@10,0.0067,60
B1,H-R2,recall@100,0.0524,60
B1,H-R2,mrr@10,0.02,60
B1,H-R3,ndcg@10,0.0125,60
B1,H-R3,p@5,0.01,60
B1,H-R3,p@10,0.005,60
B1,H-R3,recall@100,0.0357,60
B1,H-R3,mrr@10,0.0167,60
B1,H-CM,ndcg@10,0.0326,60
B1,H-CM,p@5,0.01,60
B1,H-CM,p@10,0.0117,60
B1,H-CM,recall@100,0.0992,60
B1,H-CM,mrr@10,0.0454,60
B1,H-EN,ndcg@10,0.0155,60
B1,H-EN,p@5,0.01,60
B1,H-EN,p@10,0.0067,60
B1,H-EN,recall@100,0.0992,60
B1,H-EN,mrr@10,0.0179,60
B1N,F1,ndcg@10,0.5475,60
B1N,F1,p@5,0.2933,60
B1N,F1,p@10,0.1833,60
B1N,F1,recall@100,0.9137,60
B1N,F1,mrr@10,0.5715,60
B1N,H-R1,ndcg@10,0.0196,60
B1N,H-R1,p@5,0.0133,60
B1N,H-R1,p@10,0.0067,60
B1N,H-R1,recall@100,0.0524,60
B1N,H-R1,mrr@10,0.0228,60
B1N,H-R2,ndcg@10,0.019,60
B1N,H-R2,p@5,0.0133,60
B1N,H-R2,p@10,0.0067,60
B1N,H-R2,recall@100,0.0524,60
B1N,H-R2,mrr@10,0.02,60
B1N,H-R3,ndcg@10,0.0125,60
B1N,H-R3,p@5,0.01,60
B1N,H-R3,p@10,0.005,60
B1N,H-R3,recall@100,0.0357,60
B1N,H-R3,mrr@10,0.0167,60
B1N,H-CM,ndcg@10,0.0326,60
B1N,H-CM,p@5,0.01,60
B1N,H-CM,p@10,0.0117,60
B1N,H-CM,recall@100,0.0992,60
B1N,H-CM,mrr@10,0.0454,60
B1N,H-EN,ndcg@10,0.0155,60
B1N,H-EN,p@5,0.01,60
B1N,H-EN,p@10,0.0067,60
B1N,H-EN,recall@100,0.0992,60
B1N,H-EN,mrr@10,0.0179,60
B2,F1,ndcg@10,0.5706,60
B2,F1,p@5,0.3133,60
B2,F1,p@10,0.1967,60
B2,F1,recall@100,0.9478,60
B2,F1,mrr@10,0.5941,60
B2,H-R1,ndcg@10,0.14,60
B2,H-R1,p@5,0.08,60
B2,H-R1,p@10,0.0417,60
B2,H-R1,recall@100,0.3591,60
B2,H-R1,mrr@10,0.1569,60
B2,H-R2,ndcg@10,0.1122,60
B2,H-R2,p@5,0.0533,60
B2,H-R2,p@10,0.0317,60
B2,H-R2,recall@100,0.2692,60
B2,H-R2,mrr@10,0.1292,60
B2,H-R3,ndcg@10,0.117,60
B2,H-R3,p@5,0.06,60
B2,H-R3,p@10,0.0383,60
B2,H-R3,recall@100,0.2984,60
B2,H-R3,mrr@10,0.1316,60
B2,H-CM,ndcg@10,0.0543,60
B2,H-CM,p@5,0.0233,60
B2,H-CM,p@10,0.0183,60
B2,H-CM,recall@100,0.1806,60
B2,H-CM,mrr@10,0.0599,60
B2,H-EN,ndcg@10,0.0389,60
B2,H-EN,p@5,0.02,60
B2,H-EN,p@10,0.0133,60
B2,H-EN,recall@100,0.125,60
B2,H-EN,mrr@10,0.0374,60
V1,F1,ndcg@10,0.3257,60
V1,F1,p@5,0.15,60
V1,F1,p@10,0.11,60
V1,F1,recall@100,0.8179,60
V1,F1,mrr@10,0.3829,60
V1,H-R1,ndcg@10,0.022,60
V1,H-R1,p@5,0.0133,60
V1,H-R1,p@10,0.0067,60
V1,H-R1,recall@100,0.0524,60
V1,H-R1,mrr@10,0.0319,60
V1,H-R2,ndcg@10,0.0197,60
V1,H-R2,p@5,0.0133,60
V1,H-R2,p@10,0.0067,60
V1,H-R2,recall@100,0.0524,60
V1,H-R2,mrr@10,0.0208,60
V1,H-R3,ndcg@10,0.0125,60
V1,H-R3,p@5,0.01,60
V1,H-R3,p@10,0.005,60
V1,H-R3,recall@100,0.0357,60
V1,H-R3,mrr@10,0.0167,60
V1,H-CM,ndcg@10,0.0166,60
V1,H-CM,p@5,0.0067,60
V1,H-CM,p@10,0.0067,60
V1,H-CM,recall@100,0.0992,60
V1,H-CM,mrr@10,0.0251,60
V1,H-EN,ndcg@10,0.0076,60
V1,H-EN,p@5,0.0033,60
V1,H-EN,p@10,0.005,60
V1,H-EN,recall@100,0.0992,60
V1,H-EN,mrr@10,0.0091,60
S0,F1,ndcg@10,0.5684,60
S0,F1,p@5,0.2833,60
S0,F1,p@10,0.185,60
S0,F1,recall@100,0.9117,60
S0,F1,mrr@10,0.6084,60
S0,H-R1,ndcg@10,0.2698,60
S0,H-R1,p@5,0.1533,60
S0,H-R1,p@10,0.0983,60
S0,H-R1,recall@100,0.6488,60
S0,H-R1,mrr@10,0.2727,60
S0,H-R2,ndcg@10,0.2697,60
S0,H-R2,p@5,0.15,60
S0,H-R2,p@10,0.1017,60
S0,H-R2,recall@100,0.6506,60
S0,H-R2,mrr@10,0.2618,60
S0,H-R3,ndcg@10,0.2527,60
S0,H-R3,p@5,0.1467,60
S0,H-R3,p@10,0.0967,60
S0,H-R3,recall@100,0.6298,60
S0,H-R3,mrr@10,0.2555,60
S0,H-CM,ndcg@10,0.1,60
S0,H-CM,p@5,0.0467,60
S0,H-CM,p@10,0.03,60
S0,H-CM,recall@100,0.3663,60
S0,H-CM,mrr@10,0.1239,60
S0,H-EN,ndcg@10,0.0511,60
S0,H-EN,p@5,0.0233,60
S0,H-EN,p@10,0.0117,60
S0,H-EN,recall@100,0.2659,60
S0,H-EN,mrr@10,0.0597,60
S1,F1,ndcg@10,0.6106,60
S1,F1,p@5,0.32,60
S1,F1,p@10,0.1933,60
S1,F1,recall@100,0.9422,60
S1,F1,mrr@10,0.6664,60
S1,H-R1,ndcg@10,0.434,60
S1,H-R1,p@5,0.22,60
S1,H-R1,p@10,0.1333,60
S1,H-R1,recall@100,0.779,60
S1,H-R1,mrr@10,0.4549,60
S1,H-R2,ndcg@10,0.4233,60
S1,H-R2,p@5,0.21,60
S1,H-R2,p@10,0.1317,60
S1,H-R2,recall@100,0.779,60
S1,H-R2,mrr@10,0.439,60
S1,H-R3,ndcg@10,0.4186,60
S1,H-R3,p@5,0.22,60
S1,H-R3,p@10,0.135,60
S1,H-R3,recall@100,0.7873,60
S1,H-R3,mrr@10,0.4411,60
S1,H-CM,ndcg@10,0.1883,60
S1,H-CM,p@5,0.0933,60
S1,H-CM,p@10,0.0617,60
S1,H-CM,recall@100,0.4603,60
S1,H-CM,mrr@10,0.2132,60
S1,H-EN,ndcg@10,0.1026,60
S1,H-EN,p@5,0.04,60
S1,H-EN,p@10,0.03,60
S1,H-EN,recall@100,0.3242,60
S1,H-EN,mrr@10,0.1071,60
S2,F1,ndcg@10,0.5971,60
S2,F1,p@5,0.31,60
S2,F1,p@10,0.1917,60
S2,F1,recall@100,0.9422,60
S2,F1,mrr@10,0.6521,60
S2,H-R1,ndcg@10,0.4424,60
S2,H-R1,p@5,0.2233,60
S2,H-R1,p@10,0.1333,60
S2,H-R1,recall@100,0.779,60
S2,H-R1,mrr@10,0.4726,60
S2,H-R2,ndcg@10,0.4293,60
S2,H-R2,p@5,0.2167,60
S2,H-R2,p@10,0.1317,60
S2,H-R2,recall@100,0.779,60
S2,H-R2,mrr@10,0.4515,60
S2,H-R3,ndcg@10,0.427,60
S2,H-R3,p@5,0.2233,60
S2,H-R3,p@10,0.135,60
S2,H-R3,recall@100,0.7873,60
S2,H-R3,mrr@10,0.4589,60
S2,H-CM,ndcg@10,0.1956,60
S2,H-CM,p@5,0.0967,60
S2,H-CM,p@10,0.0633,60
S2,H-CM,recall@100,0.4579,60
S2,H-CM,mrr@10,0.2224,60
S2,H-EN,ndcg@10,0.1151,60
S2,H-EN,p@5,0.05,60
S2,H-EN,p@10,0.0317,60
S2,H-EN,recall@100,0.3218,60
S2,H-EN,mrr@10,0.1331,60
S3,F1,ndcg@10,0.6159,60
S3,F1,p@5,0.32,60
S3,F1,p@10,0.2,60
S3,F1,recall@100,0.9367,60
S3,F1,mrr@10,0.6632,60
S3,H-R1,ndcg@10,0.4481,60
S3,H-R1,p@5,0.22,60
S3,H-R1,p@10,0.1383,60
S3,H-R1,recall@100,0.779,60
S3,H-R1,mrr@10,0.4767,60
S3,H-R2,ndcg@10,0.4351,60
S3,H-R2,p@5,0.21,60
S3,H-R2,p@10,0.1367,60
S3,H-R2,recall@100,0.779,60
S3,H-R2,mrr@10,0.4559,60
S3,H-R3,ndcg@10,0.4384,60
S3,H-R3,p@5,0.22,60
S3,H-R3,p@10,0.1433,60
S3,H-R3,recall@100,0.7873,60
S3,H-R3,mrr@10,0.4651,60
S3,H-CM,ndcg@10,0.2038,60
S3,H-CM,p@5,0.1,60
S3,H-CM,p@10,0.0683,60
S3,H-CM,recall@100,0.4579,60
S3,H-CM,mrr@10,0.2317,60
S3,H-EN,ndcg@10,0.1189,60
S3,H-EN,p@5,0.05,60
S3,H-EN,p@10,0.0333,60
S3,H-EN,recall@100,0.3218,60
S3,H-EN,mrr@10,0.1331,60
D0,F1,ndcg@10,0.6114,60
D0,F1,p@5,0.3,60
D0,F1,p@10,0.2,60
D0,F1,recall@100,0.9279,60
D0,F1,mrr@10,0.6758,60
D0,H-R1,ndcg@10,0.005,60
D0,H-R1,p@5,0.0,60
D0,H-R1,p@10,0.0017,60
D0,H-R1,recall@100,0.095,60
D0,H-R1,mrr@10,0.0019,60
D0,H-R2,ndcg@10,0.0053,60
D0,H-R2,p@5,0.0,60
D0,H-R2,p@10,0.0017,60
D0,H-R2,recall@100,0.0667,60
D0,H-R2,mrr@10,0.0021,60
D0,H-R3,ndcg@10,0.005,60
D0,H-R3,p@5,0.0,60
D0,H-R3,p@10,0.0017,60
D0,H-R3,recall@100,0.07,60
D0,H-R3,mrr@10,0.0019,60
D0,H-CM,ndcg@10,0.043,60
D0,H-CM,p@5,0.01,60
D0,H-CM,p@10,0.0167,60
D0,H-CM,recall@100,0.2664,60
D0,H-CM,mrr@10,0.0389,60
D0,H-EN,ndcg@10,0.3461,60
D0,H-EN,p@5,0.17,60
D0,H-EN,p@10,0.1217,60
D0,H-EN,recall@100,0.7151,60
D0,H-EN,mrr@10,0.3918,60
D1,F1,ndcg@10,0.5945,60
D1,F1,p@5,0.3,60
D1,F1,p@10,0.1983,60
D1,F1,recall@100,0.9467,60
D1,F1,mrr@10,0.6415,60
D1,H-R1,ndcg@10,0.1883,60
D1,H-R1,p@5,0.1067,60
D1,H-R1,p@10,0.0767,60
D1,H-R1,recall@100,0.5045,60
D1,H-R1,mrr@10,0.2249,60
D1,H-R2,ndcg@10,0.2077,60
D1,H-R2,p@5,0.12,60
D1,H-R2,p@10,0.0767,60
D1,H-R2,recall@100,0.4771,60
D1,H-R2,mrr@10,0.2559,60
D1,H-R3,ndcg@10,0.1795,60
D1,H-R3,p@5,0.1067,60
D1,H-R3,p@10,0.08,60
D1,H-R3,recall@100,0.4734,60
D1,H-R3,mrr@10,0.2043,60
D1,H-CM,ndcg@10,0.3155,60
D1,H-CM,p@5,0.1733,60
D1,H-CM,p@10,0.115,60
D1,H-CM,recall@100,0.6448,60
D1,H-CM,mrr@10,0.3527,60
D1,H-EN,ndcg@10,0.413,60
D1,H-EN,p@5,0.2033,60
D1,H-EN,p@10,0.1483,60
D1,H-EN,recall@100,0.8107,60
D1,H-EN,mrr@10,0.4378,60
H1,F1,ndcg@10,0.6968,60
H1,F1,p@5,0.33,60
H1,F1,p@10,0.2233,60
H1,F1,recall@100,0.9817,60
H1,F1,mrr@10,0.7588,60
H1,H-R1,ndcg@10,0.4366,60
H1,H-R1,p@5,0.21,60
H1,H-R1,p@10,0.16,60
H1,H-R1,recall@100,0.876,60
H1,H-R1,mrr@10,0.4691,60
H1,H-R2,ndcg@10,0.4042,60
H1,H-R2,p@5,0.2033,60
H1,H-R2,p@10,0.1467,60
H1,H-R2,recall@100,0.8907,60
H1,H-R2,mrr@10,0.4406,60
H1,H-R3,ndcg@10,0.4332,60
H1,H-R3,p@5,0.2167,60
H1,H-R3,p@10,0.16,60
H1,H-R3,recall@100,0.8454,60
H1,H-R3,mrr@10,0.4558,60
H1,H-CM,ndcg@10,0.3407,60
H1,H-CM,p@5,0.1867,60
H1,H-CM,p@10,0.1317,60
H1,H-CM,recall@100,0.7841,60
H1,H-CM,mrr@10,0.3582,60
H1,H-EN,ndcg@10,0.3333,60
H1,H-EN,p@5,0.1533,60
H1,H-EN,p@10,0.1183,60
H1,H-EN,recall@100,0.8292,60
H1,H-EN,mrr@10,0.3421,60
L1,F1,ndcg@10,0.7057,60
L1,F1,p@5,0.3567,60
L1,F1,p@10,0.225,60
L1,F1,recall@100,0.9867,60
L1,F1,mrr@10,0.7442,60
L1,H-R1,ndcg@10,0.5069,60
L1,H-R1,p@5,0.2567,60
L1,H-R1,p@10,0.165,60
L1,H-R1,recall@100,0.8865,60
L1,H-R1,mrr@10,0.5547,60
L1,H-R2,ndcg@10,0.5073,60
L1,H-R2,p@5,0.26,60
L1,H-R2,p@10,0.1717,60
L1,H-R2,recall@100,0.8879,60
L1,H-R2,mrr@10,0.5306,60
L1,H-R3,ndcg@10,0.4914,60
L1,H-R3,p@5,0.27,60
L1,H-R3,p@10,0.1683,60
L1,H-R3,recall@100,0.8435,60
L1,H-R3,mrr@10,0.5309,60
L1,H-CM,ndcg@10,0.3825,60
L1,H-CM,p@5,0.1933,60
L1,H-CM,p@10,0.1533,60
L1,H-CM,recall@100,0.8175,60
L1,H-CM,mrr@10,0.3943,60
L1,H-EN,ndcg@10,0.3695,60
L1,H-EN,p@5,0.1833,60
L1,H-EN,p@10,0.135,60
L1,H-EN,recall@100,0.8548,60
L1,H-EN,mrr@10,0.3683,60
G1,F1,ndcg@10,0.6913,60
G1,F1,p@5,0.3367,60
G1,F1,p@10,0.2217,60
G1,F1,recall@100,0.9817,60
G1,F1,mrr@10,0.756,60
G1,H-R1,ndcg@10,0.4535,60
G1,H-R1,p@5,0.2233,60
G1,H-R1,p@10,0.1433,60
G1,H-R1,recall@100,0.7873,60
G1,H-R1,mrr@10,0.4808,60
G1,H-R2,ndcg@10,0.4383,60
G1,H-R2,p@5,0.22,60
G1,H-R2,p@10,0.145,60
G1,H-R2,recall@100,0.7998,60
G1,H-R2,mrr@10,0.4476,60
G1,H-R3,ndcg@10,0.434,60
G1,H-R3,p@5,0.2167,60
G1,H-R3,p@10,0.1467,60
G1,H-R3,recall@100,0.7956,60
G1,H-R3,mrr@10,0.4471,60
G1,H-CM,ndcg@10,0.2596,60
G1,H-CM,p@5,0.1433,60
G1,H-CM,p@10,0.0983,60
G1,H-CM,recall@100,0.5996,60
G1,H-CM,mrr@10,0.267,60
G1,H-EN,ndcg@10,0.2583,60
G1,H-EN,p@5,0.1233,60
G1,H-EN,p@10,0.0933,60
G1,H-EN,recall@100,0.6603,60
G1,H-EN,mrr@10,0.2699,60
