system,n_queries,gap_H-R1,gap_H-R2,gap_H-R3,gap_H-CM,gap_H-EN,csc@10,worst_ndcg@10
B0,60,0.4276,0.4276,0.4276,0.4276,0.4276,0.2667,0.0
B1,60,0.551,0.5516,0.5581,0.5379,0.5551,0.2832,0.0062
B1N,60,0.528,0.5286,0.535,0.5149,0.5321,0.2833,0.0062
B2,60,0.4305,0.4584,0.4535,0.5163,0.5317,0.2611,0.0308
V1,60,0.3037,0.306,0.3131,0.3091,0.318,0.2597,0.0054
S0,60,0.2986,0.2987,0.3157,0.4684,0.5173,0.3649,0.0405
S1,60,0.1766,0.1873,0.192,0.4224,0.508,0.4259,0.0962
S2,60,0.1547,0.1678,0.1701,0.4015,0.482,0.4328,0.1061
S3,60,0.1678,0.1809,0.1775,0.4121,0.497,0.4268,0.1092
D0,60,0.6064,0.6061,0.6064,0.5684,0.2652,0.2041,0.005
D1,60,0.4062,0.3868,0.415,0.279,0.1815,0.3892,0.1382
H1,60,0.2602,0.2926,0.2636,0.3561,0.3634,0.4227,0.2033
L1,60,0.1988,0.1983,0.2142,0.3231,0.3361,0.4808,0.2602
G1,60,0.2378,0.253,0.2572,0.4316,0.4329,0.4134,0.169
