system,n_queries,gap_F2,gap_F3,csc@10,worst_ndcg@10
B0,350,0.3949,0.3949,0.2284,0.0004
B1,350,0.5294,0.53,0.1786,0.0022
B1N,350,0.4883,0.4889,0.1787,0.0027
B2,350,0.4183,0.436,0.2436,0.0657
V1,350,0.2812,0.2818,0.1855,0.0024
S0,350,0.1741,0.1977,0.5342,0.2961
S1,350,0.0633,0.0566,0.7741,0.4516
S2,350,0.0461,0.0432,0.7936,0.4557
S3,350,0.0544,0.0515,0.7482,0.4437
D0,350,0.6037,0.6034,0.1705,0.0
D1,350,0.4327,0.4454,0.3032,0.1244
H1,350,0.2122,0.216,0.5107,0.3485
L1,350,0.1429,0.1413,0.6369,0.4549
G1,350,0.1486,0.146,0.6288,0.4344
