set,form,system_a,system_b,ndcg_a,ndcg_b,difference,p_value,significant,n_queries
dev,F1,S1,B1,0.5445,0.5333,0.0112,0.2645,False,350
dev,F2,S1,B1,0.4811,0.0039,0.4772,0.0001,True,350
dev,F3,S1,B1,0.4879,0.0033,0.4846,0.0001,True,350
dev,F1,S1,S0,0.5445,0.518,0.0265,0.0033,True,350
dev,F2,S1,S0,0.4811,0.3438,0.1373,0.0001,True,350
dev,F3,S1,S0,0.4879,0.3202,0.1676,0.0001,True,350
dev,F1,S3,B2,0.5426,0.5309,0.0116,0.3246,False,350
dev,F2,S3,B2,0.4882,0.1126,0.3756,0.0001,True,350
dev,F3,S3,B2,0.4911,0.0949,0.3962,0.0001,True,350
dev,F1,S2,S1,0.5333,0.5445,-0.0112,0.0106,True,350
dev,F2,S2,S1,0.4872,0.4811,0.006,0.0082,True,350
dev,F3,S2,S1,0.4901,0.4879,0.0022,0.165,False,350
dev,F1,S3,S2,0.5426,0.5333,0.0093,0.2235,False,350
dev,F2,S3,S2,0.4882,0.4872,0.001,0.7658,False,350
dev,F3,S3,S2,0.4911,0.4901,0.001,0.7812,False,350
dev,F1,D1,D0,0.5981,0.6006,-0.0025,0.6915,False,350
dev,F2,D1,D0,0.1665,0.0005,0.1659,0.0001,True,350
dev,F3,D1,D0,0.151,0.0003,0.1507,0.0001,True,350
dev,F1,H1,S3,0.6359,0.5426,0.0934,0.0001,True,350
dev,F2,H1,S3,0.4269,0.4882,-0.0613,0.0002,True,350
dev,F3,H1,S3,0.4261,0.4911,-0.065,0.0001,True,350
dev,F1,L1,H1,0.6416,0.6359,0.0056,0.5075,False,350
dev,F2,L1,H1,0.501,0.4269,0.0742,0.0001,True,350
dev,F3,L1,H1,0.4982,0.4261,0.0721,0.0001,True,350
dev,F1,G1,H1,0.6331,0.6359,-0.0028,0.416,False,350
dev,F2,G1,H1,0.4917,0.4269,0.0648,0.0001,True,350
dev,F3,G1,H1,0.4896,0.4261,0.0635,0.0001,True,350
dev,F1,B1,B1N,0.5333,0.4922,0.0411,0.0003,True,350
dev,F2,B1,B1N,0.0039,0.0039,0.0,1.0,False,350
dev,F3,B1,B1N,0.0033,0.0033,0.0,1.0,False,350
human,F1,S1,B1,0.6106,0.5706,0.04,0.1418,False,60
human,H-CM,S1,B1,0.1883,0.0326,0.1556,0.0001,True,60
human,H-EN,S1,B1,0.1026,0.0155,0.0871,0.0006,True,60
human,H-R1,S1,B1,0.434,0.0196,0.4145,0.0001,True,60
human,H-R2,S1,B1,0.4233,0.019,0.4044,0.0001,True,60
human,H-R3,S1,B1,0.4186,0.0125,0.4061,0.0001,True,60
human,F1,S1,S0,0.6106,0.5684,0.0422,0.038,True,60
human,H-CM,S1,S0,0.1883,0.1,0.0882,0.0016,True,60
human,H-EN,S1,S0,0.1026,0.0511,0.0515,0.0506,False,60
human,H-R1,S1,S0,0.434,0.2698,0.1643,0.0003,True,60
human,H-R2,S1,S0,0.4233,0.2697,0.1536,0.0006,True,60
human,H-R3,S1,S0,0.4186,0.2527,0.166,0.0002,True,60
human,F1,S3,B2,0.6159,0.5706,0.0453,0.1091,False,60
human,H-CM,S3,B2,0.2038,0.0543,0.1495,0.0001,True,60
human,H-EN,S3,B2,0.1189,0.0389,0.0801,0.0045,True,60
human,H-R1,S3,B2,0.4481,0.14,0.3081,0.0002,True,60
human,H-R2,S3,B2,0.4351,0.1122,0.3229,0.0001,True,60
human,H-R3,S3,B2,0.4384,0.117,0.3214,0.0001,True,60
human,F1,S2,S1,0.5971,0.6106,-0.0136,0.0007,True,60
human,H-CM,S2,S1,0.1956,0.1883,0.0073,0.4647,False,60
human,H-EN,S2,S1,0.1151,0.1026,0.0125,0.2502,False,60
human,H-R1,S2,S1,0.4424,0.434,0.0084,0.3145,False,60
human,H-R2,S2,S1,0.4293,0.4233,0.0059,0.4877,False,60
human,H-R3,S2,S1,0.427,0.4186,0.0084,0.3145,False,60
human,F1,S3,S2,0.6159,0.5971,0.0189,0.2652,False,60
human,H-CM,S3,S2,0.2038,0.1956,0.0082,0.125,False,60
human,H-EN,S3,S2,0.1189,0.1151,0.0039,0.3721,False,60
human,H-R1,S3,S2,0.4481,0.4424,0.0057,0.2024,False,60
human,H-R2,S3,S2,0.4351,0.4293,0.0058,0.1716,False,60
human,H-R3,S3,S2,0.4384,0.427,0.0114,0.058,False,60
human,F1,D1,D0,0.5945,0.6114,-0.0169,0.2778,False,60
human,H-CM,D1,D0,0.3155,0.043,0.2725,0.0001,True,60
human,H-EN,D1,D0,0.413,0.3461,0.0669,0.0769,False,60
human,H-R1,D1,D0,0.1883,0.005,0.1833,0.0001,True,60
human,H-R2,D1,D0,0.2077,0.0053,0.2024,0.0001,True,60
human,H-R3,D1,D0,0.1795,0.005,0.1745,0.0001,True,60
human,F1,H1,S3,0.6968,0.6159,0.0808,0.0065,True,60
human,H-CM,H1,S3,0.3407,0.2038,0.1369,0.0005,True,60
human,H-EN,H1,S3,0.3333,0.1189,0.2144,0.0001,True,60
human,H-R1,H1,S3,0.4366,0.4481,-0.0115,0.7993,False,60
human,H-R2,H1,S3,0.4042,0.4351,-0.0309,0.4938,False,60
human,H-R3,H1,S3,0.4332,0.4384,-0.0053,0.9043,False,60
human,F1,L1,H1,0.7057,0.6968,0.0089,0.7116,False,60
human,H-CM,L1,H1,0.3825,0.3407,0.0418,0.0694,False,60
human,H-EN,L1,H1,0.3695,0.3333,0.0362,0.1172,False,60
human,H-R1,L1,H1,0.5069,0.4366,0.0703,0.019,True,60
human,H-R2,L1,H1,0.5073,0.4042,0.1031,0.0023,True,60
human,H-R3,L1,H1,0.4914,0.4332,0.0582,0.0389,True,60
human,F1,G1,H1,0.6913,0.6968,-0.0055,0.7479,False,60
human,H-CM,G1,H1,0.2596,0.3407,-0.081,0.0095,True,60
human,H-EN,G1,H1,0.2583,0.3333,-0.075,0.0009,True,60
human,H-R1,G1,H1,0.4535,0.4366,0.0169,0.6467,False,60
human,H-R2,G1,H1,0.4383,0.4042,0.0341,0.3723,False,60
human,H-R3,G1,H1,0.434,0.4332,0.0008,0.979,False,60
human,F1,B1,B1N,0.5706,0.5475,0.023,0.3721,False,60
human,H-CM,B1,B1N,0.0326,0.0326,0.0,1.0,False,60
human,H-EN,B1,B1N,0.0155,0.0155,0.0,1.0,False,60
human,H-R1,B1,B1N,0.0196,0.0196,0.0,1.0,False,60
human,H-R2,B1,B1N,0.019,0.019,0.0,1.0,False,60
human,H-R3,B1,B1N,0.0125,0.0125,0.0,1.0,False,60
