system,forms,ndcg@10,k1,b,w_dhvani,w_soundex,w_title,lambda_prox
B1,F1,0.5426,0.6,0.3,,,,
B1,F1,0.5486,0.6,0.5,,,,
B1,F1,0.5371,0.6,0.75,,,,
B1,F1,0.5204,0.6,0.9,,,,
B1,F1,0.5471,0.9,0.3,,,,
B1,F1,0.5491,0.9,0.5,,,,
B1,F1,0.5359,0.9,0.75,,,,
B1,F1,0.5085,0.9,0.9,,,,
B1,F1,0.5451,1.2,0.3,,,,
B1,F1,0.5484,1.2,0.5,,,,
B1,F1,0.5212,1.2,0.75,,,,
B1,F1,0.4863,1.2,0.9,,,,
B1,F1,0.5444,1.5,0.3,,,,
B1,F1,0.5441,1.5,0.5,,,,
B1,F1,0.506,1.5,0.75,,,,
B1,F1,0.4714,1.5,0.9,,,,
B1,F1,0.5399,1.8,0.3,,,,
B1,F1,0.5365,1.8,0.5,,,,
B1,F1,0.4958,1.8,0.75,,,,
B1,F1,0.4573,1.8,0.9,,,,
S1,F1+F2+F3,0.3886,,,0.5,,,
S1,F1+F2+F3,0.4655,,,1.0,,,
S1,F1+F2+F3,0.4838,,,1.5,,,
S1,F1+F2+F3,0.4869,,,2.0,,,
S1,F1+F2+F3,0.4847,,,3.0,,,
S1,F1+F2+F3,0.4821,,,4.0,,,
S0,F1+F2+F3,0.3277,,,,0.5,,
S0,F1+F2+F3,0.3835,,,,1.0,,
S0,F1+F2+F3,0.4048,,,,1.5,,
S0,F1+F2+F3,0.4077,,,,2.0,,
S0,F1+F2+F3,0.4054,,,,3.0,,
S0,F1+F2+F3,0.3988,,,,4.0,,
S3,F1+F2+F3,0.4827,,,,,0.0,0.0
S3,F1+F2+F3,0.483,,,,,0.0,1.0
S3,F1+F2+F3,0.4854,,,,,0.0,2.0
S3,F1+F2+F3,0.4854,,,,,0.0,4.0
S3,F1+F2+F3,0.4856,,,,,0.5,0.0
S3,F1+F2+F3,0.4863,,,,,0.5,1.0
S3,F1+F2+F3,0.4884,,,,,0.5,2.0
S3,F1+F2+F3,0.4873,,,,,0.5,4.0
S3,F1+F2+F3,0.4864,,,,,1.0,0.0
S3,F1+F2+F3,0.4871,,,,,1.0,1.0
S3,F1+F2+F3,0.4893,,,,,1.0,2.0
S3,F1+F2+F3,0.4884,,,,,1.0,4.0
S3,F1+F2+F3,0.4844,,,,,1.5,0.0
S3,F1+F2+F3,0.4843,,,,,1.5,1.0
S3,F1+F2+F3,0.4866,,,,,1.5,2.0
S3,F1+F2+F3,0.4884,,,,,1.5,4.0
S3,F1+F2+F3,0.4804,,,,,2.0,0.0
S3,F1+F2+F3,0.4817,,,,,2.0,1.0
S3,F1+F2+F3,0.4842,,,,,2.0,2.0
S3,F1+F2+F3,0.4847,,,,,2.0,4.0
S3,F1+F2+F3,0.4702,,,,,3.0,0.0
S3,F1+F2+F3,0.47,,,,,3.0,1.0
S3,F1+F2+F3,0.4732,,,,,3.0,2.0
S3,F1+F2+F3,0.4732,,,,,3.0,4.0
